<ImportExportXml xmlns:xsi="http://www.w3.org/2001/XMLSchema-instance" OrganizationVersion="9.2.25034.182" OrganizationSchemaType="Standard" CRMServerServiceabilityVersion="9.2.25034.00182">
  <Entities></Entities>
  <Roles></Roles>
  <Workflows>
    <Workflow WorkflowId="{330ce077-d008-ef11-9f89-6045bd3b9f65}" Name="A000_02_DF_BR_RPA_DevelopmentTemplate">
      <JsonFileName>/Workflows/A000_02_DF_BR_RPA_DevelopmentTemplate-330CE077-D008-EF11-9F89-6045BD3B9F65.json</JsonFileName>
      <Type>1</Type>
      <Subprocess>0</Subprocess>
      <Category>6</Category>
      <Mode>0</Mode>
      <Scope>4</Scope>
      <OnDemand>0</OnDemand>
      <TriggerOnCreate>0</TriggerOnCreate>
      <TriggerOnDelete>0</TriggerOnDelete>
      <AsyncAutodelete>0</AsyncAutodelete>
      <SyncWorkflowLogOnFailure>0</SyncWorkflowLogOnFailure>
      <StateCode>1</StateCode>
      <StatusCode>2</StatusCode>
      <RunAs>1</RunAs>
      <IsTransacted>1</IsTransacted>
      <IntroducedVersion>1.0</IntroducedVersion>
      <IsCustomizable>1</IsCustomizable>
      <BusinessProcessType>0</BusinessProcessType>
      <UIFlowType>2</UIFlowType>
      <IsCustomProcessingStepAllowedForOtherPublishers>1</IsCustomProcessingStepAllowedForOtherPublishers>
      <Metadata>{"clientversion":"2.53.180.25037","isvalid":true,"$schema":"https://schema.management.azure.com/providers/Microsoft.Logic/schemas/2016-06-01/workflowdefinition.json#","schemaVersion":"ROBIN_20211012","containsActiveConnections":false,"containsGptPredictActions":false,"containsActiveCopilotActions":false,"containsActiveWorkQueuesActions":true,"containsActiveLogMessageActions":false,"containsActiveCredentialsActions":false,"multipleRequestsState":0,"scriptType":0,"disableScreenshotCaptureOnError":false,"missingUiElementRepairType":null,"flowTimeout":null}</Metadata>
      <Inputs>{"schema":{"required":["URL","EmailTo","Username","Password"],"properties":{"URL":{"isOptional":false,"default":"","description":"","format":null,"title":"URL","type":"string","value":"http://gestaocontroladasvarejo.lojasrenner.com.br/forms/frmservlet?config=rms14"},"EmailTo":{"isOptional":false,"default":"","description":"","format":null,"title":"EmailTo","type":"string","value":""},"Username":{"isOptional":false,"default":"","description":"","format":null,"title":"Username","type":"string","value":""},"Password":{"isOptional":false,"default":"","description":"","format":"password","title":"Password","type":"string","value":null},"ExecutionTimeOutInHour":{"isOptional":true,"default":"","description":"Specify the maximum time (in hour) to this process run until it gets stopped.","format":null,"title":"ExecutionTimeOutInHour","type":"number","value":"50"}},"type":"object"}}</Inputs>
      <Outputs>{"schema":null}</Outputs>
      <Dependencies>{"childFlows":[],"workQueues":[],"environmentVariables":[],"requiredBinaries":["3b7ceb7d-d008-ef11-9f89-6045bd3b9f65","397ceb7d-d008-ef11-9f89-6045bd3b9f65","380ce077-d008-ef11-9f89-6045bd3b9f65","e470cf74-be67-4c8f-83e1-63535f117ec0"]}</Dependencies>
      <ConnectionReferences>[]</ConnectionReferences>
      <Definition>"@@ConnectionString: ''\r\n@@Type: 'Local'\r\n@@DesktopType: 'local'\r\n@@DisplayName: 'Computador local'\r\nIMPORT 'controlRepo.appmask' AS appmask\r\nIMPORT 'imageRepo.imgrepo' AS imgrepo\r\n@SENSITIVE: [Password]\r\n@INPUT URL : { 'Description': '', 'FriendlyName': 'URL', 'Type': 'String', 'IsOptional': False, 'DefaultValue': 'http://gestaocontroladasvarejo.lojasrenner.com.br/forms/frmservlet?config=rms14' } \r\n@INPUT EmailTo : { 'Description': '', 'FriendlyName': 'EmailTo', 'Type': 'String', 'IsOptional': False, 'DefaultValue': '' } \r\n@INPUT Username : { 'Description': '', 'FriendlyName': 'Username', 'Type': 'String', 'IsOptional': False, 'DefaultValue': '' } \r\n@INPUT Password : { 'Description': '', 'FriendlyName': 'Password', 'Type': 'String', 'IsOptional': False, 'DefaultValue': '' } \r\n@INPUT ExecutionTimeOutInHour : { 'Description': 'Specify the maximum time (in hour) to this process run until it gets stopped.', 'FriendlyName': 'ExecutionTimeOutInHour', 'Type': 'Numeric', 'IsOptional': True, 'DefaultValue': 50 } \r\n# Populate Queue Occurs In a Cloud Flow\r\nCALL 'Variable Initialization'\r\nCALL 'Start App'\r\n@@'InputSummaryValue:WORKQUEUE': 'A000_BR_RPA_DevelopmentTemplate'\r\nLOOP WHILE (WorkQueues.ProcessWorkQueueItem.ProcessWorkQueueItem WorkQueue: $'''A000_BR_RPA_DevelopmentTemplate''' WorkQueueItem=&gt; WorkQueueItem)\r\n    BLOCK 'Main Recover'\r\nON BLOCK ERROR\r\n    SET IsItemCompleted TO False\r\nEND\r\n        **REGION Work Item Section {Add Here Your New SubPages}\r\n        CALL 'Treat Input Data'\r\n        CALL 'Work Items'\r\n        SET ProcessingNote TO $'''Processed'''\r\n        **ENDREGION\r\n    END\r\n    IF StartsWith(ProcessingNote, $'''Processed''', True) THEN\r\n        CALL 'Mark Item As Processed'\r\n    ELSE\r\n        CALL 'Mark Item As Exception'\r\n    END\r\n    CALL 'Reset Variables'\r\n    **REGION STOP? Skip processing next Queue Items\r\n    SET StopAfterItems TO StopAfterItems + 1\r\n    DateTime.GetCurrentDateTime.Local DateTimeFormat: DateTime.DateTimeFormat.DateAndTime CurrentDateTime=&gt; CurrentDateTime\r\n    IF IsNotBlank(TerminatedMessage) THEN\r\n        EXIT LOOP\r\n    ELSE IF StopAfterItems &gt; 1000000 THEN\r\n        SET TerminatedMessage TO $'''Process has stopped because looped work itens too many times (over 1 milion times).'''\r\n        EXIT LOOP\r\n    ELSE IF StopAfterTime &lt; CurrentDateTime THEN\r\n        SET TerminatedMessage TO $'''The process was stopped because the execution time exceeded the limit of %ExecutionTimeOutInHour% hours.'''\r\n        EXIT LOOP\r\n    END\r\n    **ENDREGION\r\nEND\r\nCALL 'Close App'\r\n# Send Report Occurs In a Cloud Flow\r\nIF IsNotEmpty(TerminatedMessage) THEN\r\n    Logging.LogMessage Message: TerminatedMessage LogLevel: Logging.LogLevel.ErrorLevel\r\n    EXIT Code: 0 ErrorMessage: TerminatedMessage\r\nEND\r\nFUNCTION 'Work Items' GLOBAL\r\n    **REGION Processing Item\r\n    LABEL Retry\r\n    BLOCK 'Catch Exception'\r\nON BLOCK ERROR\r\n\r\nEND\r\n        # Add here your logic for processing item\r\n        **REGION Setting a Business Exception\r\n        SET ProcessingNote TO $'''Business Exception: some data is missing'''\r\n        GOTO 'Business Exception'\r\n        **ENDREGION\r\n        # After finish processing item with success exit the subflow to avoid logic \"retry\".\r\n        EXIT FUNCTION\r\n    END\r\n    IF StartsWith(ProcessingNote.Trimmed, $'''Business Exception''', True) THEN\r\n        LABEL 'Business Exception'\r\n        Scripting.RunDotNetScript Language: System.DotNetActionLanguageType.CSharp Script: $'''throw new SystemException(\\\"%ProcessingNote%\\\");'''\r\n    ELSE IF RetryCount &lt;= 3 THEN\r\n        CALL 'Throw Exception'\r\n        CALL 'Start App'\r\n        SET RetryCount TO RetryCount + 1\r\n        GOTO Retry\r\n    ELSE\r\n        Scripting.RunDotNetScript Language: System.DotNetActionLanguageType.CSharp Script: $'''throw new SystemException(\\\"%ProcessingNote%\\\");'''\r\n    END\r\n    **ENDREGION\r\nEND FUNCTION\r\nFUNCTION 'Throw Exception' GLOBAL\r\n    ERROR =&gt; LastSystemException Reset: True\r\n    DateTime.GetCurrentDateTime.Local DateTimeFormat: DateTime.DateTimeFormat.DateAndTime CurrentDateTime=&gt; CurrentDateTime\r\n    SET ProcessingNote TO $'''System Exception: %LastSystemException.Message%, %CurrentDateTime% %LastSystemException.Location%'''\r\n    Text.Replace Text: LastSystemException.Location TextToFind: $''':''' IsRegEx: False IgnoreCase: False ReplaceWith: $'''_''' ActivateEscapeSequences: False Result=&gt; Replaced\r\n    Workstation.TakeScreenshot.TakeScreenshotAndSaveToFile File: $'''%Project_PrintscreenFolder%%Project_AutomationID%_%Replaced%.jpg''' ImageFormat: System.ImageFormat.Jpg\r\n    ON ERROR\r\n\r\n    END\r\n    Logging.LogMessage Message: ProcessingNote LogLevel: Logging.LogLevel.ErrorLevel\r\nEND FUNCTION\r\nFUNCTION 'Treat Input Data' GLOBAL\r\n    **REGION Treating Input Data from Workqueue Item\r\n    # Recommended: In a cloud flow, when populating, fill the input data with a JSON-formatted string containing some keys. On this page, transform this json-string into a json-object to parse the keys one by one and treat their value.\r\n    BLOCK 'Catch Exception'\r\nON BLOCK ERROR\r\n\r\nEND\r\n        # Add here your logic for processing item\r\n        SET CurrentItem_CheckForEmptyValues TO $'''name; age; secretIdentity'''\r\n        Text.SplitText.SplitWithDelimiter Text: CurrentItem_CheckForEmptyValues CustomDelimiter: $''';''' IsRegEx: False Result=&gt; TextList_CheckForEmptyValues\r\n        Variables.ConvertJsonToCustomObject Json: $'''    {\r\n      \\\"name\\\": \\\"Molecule Man\\\",\r\n      \\\"age\\\": 29,\r\n      \\\"secretIdentity\\\": \\\"\\\",\r\n      \\\"powers\\\": [\\\"Radiation resistance\\\", \\\"Turning tiny\\\", \\\"Radiation blast\\\"]\r\n    }''' CustomObject=&gt; JsonAsCustomObject\r\n        DISABLE Variables.ConvertJsonToCustomObject Json: WorkQueueItem.Value CustomObject=&gt; JsonAsCustomObject\r\n        LOOP FOREACH CurrentItem IN TextList_CheckForEmptyValues\r\n            IF IsEmpty(JsonAsCustomObject[CurrentItem.Trimmed]) THEN\r\n                SET CurrentItem_ValueEmptyFound TO $'''%CurrentItem%; %CurrentItem_ValueEmptyFound%'''\r\n            END\r\n        END\r\n        IF IsNotEmpty(CurrentItem_ValueEmptyFound) THEN\r\n            **REGION Setting a Business Exception\r\n            SET ProcessingNote TO $'''Business Exception: there is missing some key-value in the input data. Missing value for key(s) %CurrentItem_ValueEmptyFound%'''\r\n            GOTO 'Business Exception'\r\n            **ENDREGION\r\n        END\r\n        # After finish processing item with success exit the subflow to avoid logic \"retry\".\r\n        EXIT FUNCTION\r\n    END\r\n    IF StartsWith(ProcessingNote.Trimmed, $'''Business Exception''', True) THEN\r\n        LABEL 'Business Exception'\r\n        Scripting.RunDotNetScript Language: System.DotNetActionLanguageType.CSharp Script: $'''throw new SystemException(\\\"%ProcessingNote%\\\");'''\r\n    ELSE\r\n        CALL 'Throw Exception'\r\n        Scripting.RunDotNetScript Language: System.DotNetActionLanguageType.CSharp Script: $'''throw new SystemException(\\\"%ProcessingNote%\\\");'''\r\n    END\r\n    **ENDREGION\r\nEND FUNCTION\r\nFUNCTION 'Reset Variables' GLOBAL\r\n    SET WorkQueueItem TO $'''%''%'''\r\n    SET ProcessingNote TO $'''%''%'''\r\n    SET RetryCount TO 0\r\nEND FUNCTION\r\nFUNCTION 'Mark Item As Exception' GLOBAL\r\n    **REGION Mark Items As Exception\r\n    SWITCH ProcessingNote\r\n        CASE StartsWith($'''Business Exception''', True)\r\n            WorkQueues.UpdateWorkQueueItem.UpdateWithProcessingNotes WorkQueueItem: WorkQueueItem Status: WorkQueues.WorkQueueItemStatus.BusinessException ProcessingResult: ProcessingNote\r\n        CASE StartsWith($'''System Exception''', True)\r\n            WorkQueues.UpdateWorkQueueItem.UpdateWithProcessingNotes WorkQueueItem: WorkQueueItem Status: WorkQueues.WorkQueueItemStatus.ITException ProcessingResult: ProcessingNote\r\n        DEFAULT\r\n            SET TerminatedMessage TO $'''Process has stopped because wasn\\'t possible to identify item exception type (Page error: Mark Item As Exception).'''\r\n            WorkQueues.UpdateWorkQueueItem.UpdateWithProcessingNotes WorkQueueItem: WorkQueueItem Status: WorkQueues.WorkQueueItemStatus.GenericException ProcessingResult: $'''Tipo de Exceção Desconhecida: %ProcessingNote%'''\r\n    END\r\n    **ENDREGION\r\nEND FUNCTION\r\nFUNCTION 'Send Report' GLOBAL\r\nEND FUNCTION\r\nFUNCTION 'Close App' GLOBAL\r\n    IF IsNotEmpty(BrowserID) THEN\r\n        BLOCK 'Recover CloseDown'\r\nON BLOCK ERROR\r\n\r\nEND\r\n            UIAutomation.CloseWindow.CloseByInstanceOrHandle WindowInstance: BrowserID\r\n        END\r\n    END\r\n    IF (System.IfProcess.ProcessIsRunning ProcessName: $'''iexplore''') THEN\r\n        System.TerminateProcess.TerminateProcessByName ProcessName: $'''iexplore'''\r\n        ON ERROR\r\n\r\n        END\r\n        WAIT (System.WaitForProcess.ProcessToStop ProcessName: $'''iexplore''') FOR 60\r\n    END\r\nEND FUNCTION\r\nFUNCTION 'Mark Item As Processed' GLOBAL\r\n    **REGION Mark Items As Processed\r\n    WorkQueues.UpdateWorkQueueItem.UpdateWithProcessingNotes WorkQueueItem: WorkQueueItem Status: WorkQueues.WorkQueueItemStatus.Processed ProcessingResult: ProcessingNote\r\n    **ENDREGION\r\nEND FUNCTION\r\nFUNCTION 'Start App' GLOBAL\r\n    SET RetryCount TO 0\r\n    LABEL 'Retry Start Up'\r\n    CALL 'Close App'\r\n    # Run Power Automate Desktop application as administrator otherwise may get error on launching and controlling browsers like internet explorer.\r\n    BLOCK 'Recover Start Up'\r\nON BLOCK ERROR\r\n    CALL 'Throw Exception'\r\n    THROW ERROR\r\nEND\r\n        WebAutomation.LaunchInternetExplorer.LaunchInternetExplorer Url: URL WindowState: WebAutomation.BrowserWindowState.Maximized ClearCache: True ClearCookies: True WaitForPageToLoadTimeout: 60 TargetDesktop: $'''{\\\"DisplayName\\\":\\\"Local computer\\\",\\\"Route\\\":{\\\"ServerType\\\":\\\"Local\\\",\\\"ServerAddress\\\":\\\"\\\"},\\\"DesktopType\\\":\\\"local\\\"}''' BrowserInstance=&gt; BrowserID\r\n        EXIT FUNCTION\r\n    END\r\n    IF RetryCount &lt; 4 THEN\r\n        SET RetryCount TO RetryCount + 1\r\n        GOTO 'Retry Start Up'\r\n    ELSE\r\n        IF IsEmpty(ProcessingNote) THEN\r\n            SET TerminatedMessage TO $'''Was not possible to start application'''\r\n        ELSE\r\n            SET TerminatedMessage TO ProcessingNote\r\n        END\r\n        Logging.LogMessage Message: TerminatedMessage LogLevel: Logging.LogLevel.ErrorLevel\r\n        EXIT Code: 0 ErrorMessage: TerminatedMessage\r\n    END\r\nEND FUNCTION\r\nFUNCTION 'Variable Initialization' GLOBAL\r\n    # Set here your variables\r\n    /# Project_AutomationID: specify the number of this automation. Where 'A001' means the first automation created. For the second automation created change it to 'A002'.\r\nThis ID will be used to name the jpg file with a screenshoot image of any system exception handled.#/\r\n    SET Project_AutomationID TO $'''A001'''\r\n    SET Project_PrintscreenFolder TO $'''C:\\\\Print Screen Exceptions PA\\\\'''\r\n    IF (Folder.IfFolderExists.DoesNotExist Path: Project_PrintscreenFolder) THEN\r\n        SET TerminatedMessage TO $'''Terminated: folder to saving screenshots does not exist, %Project_PrintscreenFolder.Trimmed%'''\r\n        EXIT Code: 0 ErrorMessage: TerminatedMessage\r\n    END\r\n    SET ProcessingNote TO $'''%''%'''\r\n    SET BrowserID TO $'''%''%'''\r\n    SET RetryCount TO 0\r\n    SET StopAfterItems TO 0\r\n    **REGION Set TimeOut to Wait For Element to Load\r\n    # S = Small, M = Medium, L = Large, XL = Extra Large\r\n    SET TimeOut_S TO 1\r\n    SET TimeOut_M TO 15\r\n    SET TimeOut_L TO 30\r\n    SET TimeOut_XL TO 60\r\n    **ENDREGION\r\n    **REGION Set Max Execution Time For This Process\r\n    SET ExecutionTimeOutInHour TO 3\r\n    **ENDREGION\r\n    DateTime.GetCurrentDateTime.Local DateTimeFormat: DateTime.DateTimeFormat.DateAndTime CurrentDateTime=&gt; InitializationDateTime\r\n    DateTime.Add DateTime: InitializationDateTime TimeToAdd: ExecutionTimeOutInHour TimeUnit: DateTime.TimeUnit.Hours ResultedDate=&gt; StopAfterTime\r\nEND FUNCTION\r\nFUNCTION Debug GLOBAL\r\n    # Use this page for unit development followed by testing.\r\nEND FUNCTION\r\n"</Definition>
      <SchemaVersion>2022.07</SchemaVersion>
      <DesktopFlowModules>[]</DesktopFlowModules>
      <PrimaryEntity>none</PrimaryEntity>
      <LocalizedNames>
        <LocalizedName languagecode="1046" description="A000_02_DF_BR_RPA_DevelopmentTemplate" />
      </LocalizedNames>
    </Workflow>
  </Workflows>
  <FieldSecurityProfiles></FieldSecurityProfiles>
  <Templates />
  <EntityMaps />
  <EntityRelationships />
  <OrganizationSettings />
  <optionsets />
  <CustomControls />
  <EntityDataProviders />
  <Languages>
    <Language>1046</Language>
  </Languages>
</ImportExportXml>