<desktopflowbinary desktopflowbinaryid="e470cf74-be67-4c8f-83e1-63535f117ec0">
  <data mimetype="application/json">DependenciesFile_54cb2d99-1f60-4514-be22-8bf81ca83d07.json</data>
  <iscustomizable>1</iscustomizable>
  <metadata>{}</metadata>
  <mimetype>application/json</mimetype>
  <name>Desktop flow dependencies file</name>
  <process>
    <workflowid>330ce077-d008-ef11-9f89-6045bd3b9f65</workflowid>
  </process>
  <reference>flow.dependencies</reference>
  <statecode>0</statecode>
  <statuscode>1</statuscode>
  <type>DependenciesFile</type>
</desktopflowbinary>