<ImportExportXml version="9.2.25043.194" SolutionPackageVersion="9.2" languagecode="1046" generatedBy="CrmLive" xmlns:xsi="http://www.w3.org/2001/XMLSchema-instance" OrganizationVersion="9.2.25043.194" OrganizationSchemaType="Standard" CRMServerServiceabilityVersion="9.2.25043.00196">
  <SolutionManifest>
    <UniqueName>A000_BR_RPA_ModelosPadroesDeFluxos</UniqueName>
    <LocalizedNames>
      <LocalizedName description="A000_BR_RPA_ReusableFlowModel" languagecode="1046" />
    </LocalizedNames>
    <Descriptions />
    <Version>1.0.0.1</Version>
    <Managed>0</Managed>
    <Publisher>
      <UniqueName>Crc2713</UniqueName>
      <LocalizedNames>
        <LocalizedName description="CDS Default Publisher" languagecode="1046" />
      </LocalizedNames>
      <Descriptions />
      <EMailAddress xsi:nil="true"></EMailAddress>
      <SupportingWebsiteUrl xsi:nil="true"></SupportingWebsiteUrl>
      <CustomizationPrefix>cr7fb</CustomizationPrefix>
      <CustomizationOptionValuePrefix>46459</CustomizationOptionValuePrefix>
      <Addresses>
        <Address>
          <AddressNumber>1</AddressNumber>
          <AddressTypeCode xsi:nil="true"></AddressTypeCode>
          <City xsi:nil="true"></City>
          <County xsi:nil="true"></County>
          <Country xsi:nil="true"></Country>
          <Fax xsi:nil="true"></Fax>
          <FreightTermsCode xsi:nil="true"></FreightTermsCode>
          <ImportSequenceNumber xsi:nil="true"></ImportSequenceNumber>
          <Latitude xsi:nil="true"></Latitude>
          <Line1 xsi:nil="true"></Line1>
          <Line2 xsi:nil="true"></Line2>
          <Line3 xsi:nil="true"></Line3>
          <Longitude xsi:nil="true"></Longitude>
          <Name xsi:nil="true"></Name>
          <PostalCode xsi:nil="true"></PostalCode>
          <PostOfficeBox xsi:nil="true"></PostOfficeBox>
          <PrimaryContactName xsi:nil="true"></PrimaryContactName>
          <ShippingMethodCode xsi:nil="true"></ShippingMethodCode>
          <StateOrProvince xsi:nil="true"></StateOrProvince>
          <Telephone1 xsi:nil="true"></Telephone1>
          <Telephone2 xsi:nil="true"></Telephone2>
          <Telephone3 xsi:nil="true"></Telephone3>
          <TimeZoneRuleVersionNumber xsi:nil="true"></TimeZoneRuleVersionNumber>
          <UPSZone xsi:nil="true"></UPSZone>
          <UTCOffset xsi:nil="true"></UTCOffset>
          <UTCConversionTimeZoneCode xsi:nil="true"></UTCConversionTimeZoneCode>
        </Address>
        <Address>
          <AddressNumber>2</AddressNumber>
          <AddressTypeCode xsi:nil="true"></AddressTypeCode>
          <City xsi:nil="true"></City>
          <County xsi:nil="true"></County>
          <Country xsi:nil="true"></Country>
          <Fax xsi:nil="true"></Fax>
          <FreightTermsCode xsi:nil="true"></FreightTermsCode>
          <ImportSequenceNumber xsi:nil="true"></ImportSequenceNumber>
          <Latitude xsi:nil="true"></Latitude>
          <Line1 xsi:nil="true"></Line1>
          <Line2 xsi:nil="true"></Line2>
          <Line3 xsi:nil="true"></Line3>
          <Longitude xsi:nil="true"></Longitude>
          <Name xsi:nil="true"></Name>
          <PostalCode xsi:nil="true"></PostalCode>
          <PostOfficeBox xsi:nil="true"></PostOfficeBox>
          <PrimaryContactName xsi:nil="true"></PrimaryContactName>
          <ShippingMethodCode xsi:nil="true"></ShippingMethodCode>
          <StateOrProvince xsi:nil="true"></StateOrProvince>
          <Telephone1 xsi:nil="true"></Telephone1>
          <Telephone2 xsi:nil="true"></Telephone2>
          <Telephone3 xsi:nil="true"></Telephone3>
          <TimeZoneRuleVersionNumber xsi:nil="true"></TimeZoneRuleVersionNumber>
          <UPSZone xsi:nil="true"></UPSZone>
          <UTCOffset xsi:nil="true"></UTCOffset>
          <UTCConversionTimeZoneCode xsi:nil="true"></UTCConversionTimeZoneCode>
        </Address>
      </Addresses>
    </Publisher>
    <RootComponents>
      <RootComponent type="29" id="{0a0f8198-8622-ef11-840a-002248e1144a}" behavior="0" />
      <RootComponent type="29" id="{330ce077-d008-ef11-9f89-6045bd3b9f65}" behavior="0" />
      <RootComponent type="29" id="{3b78625f-5d14-ef11-9f89-6045bd3b9f65}" behavior="0" />
      <RootComponent type="29" id="{9d92f74e-0e06-f011-bae2-6045bd3adaa8}" behavior="0" />
      <RootComponent type="29" id="{c904f12f-6e36-ef11-a316-6045bd3977bf}" behavior="0" />
      <RootComponent type="29" id="{da2423f2-961f-f011-9989-6045bd3bc4f7}" behavior="0" />
      <RootComponent type="29" id="{e52d48ae-b11c-ef11-840a-6045bd3838c8}" behavior="0" />
      <RootComponent type="29" id="{f6aef2cd-3081-ef11-ac20-000d3ac0a9b2}" behavior="0" />
      <RootComponent type="29" id="{fe8eb53b-8928-ef11-840b-6045bd3c54a4}" behavior="0" />
    </RootComponents>
    <MissingDependencies>
      <MissingDependency>
        <Required type="1" schemaName="workqueueitem" displayName="Item da Fila de Trabalho" solution="MicrosoftFlowExtensionsCore (1.9.8.0)">
          <package appName="MicrosoftFlowExtensionsCore" version="1.9.8.0">MicrosoftFlowExtensionsAnchor (1.9.8.0)</package>
        </Required>
        <Dependent type="29" displayName="A000_03_ICF_BR_RPA_SendQueueItemsReport" id="{3b78625f-5d14-ef11-9f89-6045bd3b9f65}" />
      </MissingDependency>
      <MissingDependency>
        <Required type="1" schemaName="workqueueitem" displayName="Item da Fila de Trabalho" solution="MicrosoftFlowExtensionsCore (1.9.8.0)">
          <package appName="MicrosoftFlowExtensionsCore" version="1.9.8.0">MicrosoftFlowExtensionsAnchor (1.9.8.0)</package>
        </Required>
        <Dependent type="29" displayName="A000_02_ICF_BR_RPA_PopulateArrayData_V2" id="{da2423f2-961f-f011-9989-6045bd3bc4f7}" />
      </MissingDependency>
      <MissingDependency>
        <Required type="1" schemaName="workqueueitem" displayName="Item da Fila de Trabalho" solution="MicrosoftFlowExtensionsCore (1.9.8.0)">
          <package appName="MicrosoftFlowExtensionsCore" version="1.9.8.0">MicrosoftFlowExtensionsAnchor (1.9.8.0)</package>
        </Required>
        <Dependent type="29" displayName="A000_01_ICF_BR_RPA_PopulateAllUnreadEmailData" id="{e52d48ae-b11c-ef11-840a-6045bd3838c8}" />
      </MissingDependency>
      <MissingDependency>
        <Required type="1" schemaName="workqueueitem" displayName="Item da Fila de Trabalho" solution="MicrosoftFlowExtensionsCore (1.9.8.0)">
          <package appName="MicrosoftFlowExtensionsCore" version="1.9.8.0">MicrosoftFlowExtensionsAnchor (1.9.8.0)</package>
        </Required>
        <Dependent type="29" displayName="A000_06_ICF_BR_RPA_SendPendingQueueItemsReport" id="{f6aef2cd-3081-ef11-ac20-000d3ac0a9b2}" />
      </MissingDependency>
      <MissingDependency>
        <Required type="1" schemaName="workqueueitem" displayName="Item da Fila de Trabalho" solution="MicrosoftFlowExtensionsCore (1.9.8.0)">
          <package appName="MicrosoftFlowExtensionsCore" version="1.9.8.0">MicrosoftFlowExtensionsAnchor (1.9.8.0)</package>
        </Required>
        <Dependent type="29" displayName="A000_02_ICF_BR_RPA_PopulateArrayData" id="{fe8eb53b-8928-ef11-840b-6045bd3c54a4}" />
      </MissingDependency>
    </MissingDependencies>
  </SolutionManifest>
</ImportExportXml>