<desktopflowbinary desktopflowbinaryid="380ce077-d008-ef11-9f89-6045bd3b9f65">
  <data mimetype="application/json">ImageRepository_382d25f1-72cf-404b-8249-013178a43028.json</data>
  <iscustomizable>1</iscustomizable>
  <name>Desktop flow images</name>
  <process>
    <workflowid>330ce077-d008-ef11-9f89-6045bd3b9f65</workflowid>
  </process>
  <reference>imageRepo.imgrepo</reference>
  <statecode>0</statecode>
  <statuscode>1</statuscode>
  <type>ImageRepository</type>
</desktopflowbinary>