<environmentvariabledefinition schemaname="cr7fb_A000_BR_RPA_RPAFileServerPathText">
  <defaultvalue>/RpaFileServerDEV/</defaultvalue>
  <description default="This value is used to point to folder in parameter of sharepoint action in PA Cloud">
    <label description="This value is used to point to folder in parameter of sharepoint action in PA Cloud" languagecode="1046" />
  </description>
  <displayname default="A000_BR_RPA_RPAFileServerPathText">
    <label description="A000_BR_RPA_RPAFileServerPathText" languagecode="1046" />
  </displayname>
  <introducedversion>1.0.0.28</introducedversion>
  <iscustomizable>1</iscustomizable>
  <isrequired>0</isrequired>
  <secretstore>0</secretstore>
  <type>100000000</type>
</environmentvariabledefinition>