<desktopflowbinary desktopflowbinaryid="3b7ceb7d-d008-ef11-9f89-6045bd3b9f65">
  <data mimetype="application/json">ManifestFile_3b7ceb7d-d008-ef11-9f89-6045bd3b9f65.json</data>
  <iscustomizable>1</iscustomizable>
  <name>Desktop flow manifest file</name>
  <process>
    <workflowid>330ce077-d008-ef11-9f89-6045bd3b9f65</workflowid>
  </process>
  <reference>flow.manifest</reference>
  <statecode>0</statecode>
  <statuscode>1</statuscode>
  <type>ManifestFile</type>
</desktopflowbinary>