<environmentvariabledefinition schemaname="cr7fb_A000_BR_RPA_RPAFileServerPathLibraryName">
  <defaultvalue>860ed64e-2742-xxxxxxxxxxxxxxxxx</defaultvalue>
  <displayname default="A000_BR_RPA_RPAFileServerPathLibraryName">
    <label description="A000_BR_RPA_RPAFileServerPathLibraryName" languagecode="1046" />
  </displayname>
  <introducedversion>1.0.0.28</introducedversion>
  <iscustomizable>1</iscustomizable>
  <isrequired>0</isrequired>
  <secretstore>0</secretstore>
  <type>100000000</type>
</environmentvariabledefinition>