<environmentvariabledefinition schemaname="cr7fb_A000_BR_RPA_CONFIG_Path">
  <defaultvalue>/CONFIG/[ProcessName]/</defaultvalue>
  <description default="caminho do arquivo CONFIG">
    <label description="caminho do arquivo CONFIG" languagecode="1046" />
  </description>
  <displayname default="A000_BR_RPA_CONFIG_Path">
    <label description="A000_BR_RPA_CONFIG_Path" languagecode="1046" />
  </displayname>
  <introducedversion>1.0.0.28</introducedversion>
  <iscustomizable>1</iscustomizable>
  <isrequired>0</isrequired>
  <secretstore>0</secretstore>
  <type>100000000</type>
</environmentvariabledefinition>