<environmentvariabledefinition schemaname="cr7fb_A000_BR_RPA_IDSharepointCOERPA">
  <defaultvalue>sites/renner.sharepoint.com,7254fd4b-b991-xxxxxxxxxxxxxxxxxxxxxxxxxxxxxxxxx</defaultvalue>
  <description default="This environment variable represents the ID from COERPA sharepoint site">
    <label description="This environment variable represents the ID from COERPA sharepoint site" languagecode="1046" />
  </description>
  <displayname default="A000_BR_RPA_IDSharepointCOERPA">
    <label description="A000_BR_RPA_IDSharepointCOERPA" languagecode="1046" />
  </displayname>
  <introducedversion>1.0.0.3</introducedversion>
  <iscustomizable>1</iscustomizable>
  <isrequired>0</isrequired>
  <secretstore>0</secretstore>
  <type>100000000</type>
</environmentvariabledefinition>