{
  "properties": {
    "connectionReferences": {
      "shared_teams": {
        "runtimeSource": "embedded",
        "connection": {
          "connectionReferenceLogicalName": "new_sharedteams_d3706"
        },
        "api": {
          "name": "shared_teams"
        }
      },
      "shared_sharepointonline": {
        "runtimeSource": "embedded",
        "connection": {
          "connectionReferenceLogicalName": "cr7fb_sharedsharepointonline_c32c0"
        },
        "api": {
          "name": "shared_sharepointonline"
        }
      },
      "shared_excelonlinebusiness-1": {
        "runtimeSource": "embedded",
        "connection": {
          "connectionReferenceLogicalName": "cr7fb_sharedexcelonlinebusiness_bdec9"
        },
        "api": {
          "name": "shared_excelonlinebusiness"
        }
      }
    },
    "definition": {
      "$schema": "https://schema.management.azure.com/providers/Microsoft.Logic/schemas/2016-06-01/workflowdefinition.json#",
      "contentVersion": "1.0.0.0",
      "parameters": {
        "$authentication": {
          "defaultValue": {},
          "type": "SecureObject"
        },
        "$connections": {
          "defaultValue": {},
          "type": "Object"
        },
        "A000_BR_RPA_RPAFileServerPath (cr7fb_FileServerPath)": {
          "defaultValue": "b!S_1UcpG5vk2Ef2f7NrZ3My9R1dbevitLiQw5m9h4HjRO1g6GQidHQpLJ1wulO9dl",
          "type": "String",
          "metadata": {
            "schemaName": "cr7fb_FileServerPath"
          }
        }
      },
      "triggers": {
        "manual": {
          "metadata": {
            "operationMetadataId": "44c9a35d-809c-404c-8b2f-b6552903df25"
          },
          "type": "Request",
          "kind": "Button",
          "inputs": {
            "schema": {
              "type": "object",
              "properties": {
                "text": {
                  "description": "Insert the column letter that won't have empty values. Example: A",
                  "title": "Column Letter",
                  "type": "string",
                  "x-ms-content-hint": "TEXT",
                  "x-ms-dynamically-added": true
                },
                "number": {
                  "description": "Insert the number of existents columns.",
                  "title": "Number Of Columns",
                  "type": "number",
                  "x-ms-content-hint": "NUMBER",
                  "x-ms-dynamically-added": true
                },
                "text_1": {
                  "description": "Specify worksheet's name to populate data into work queue.",
                  "title": "Worksheet Name",
                  "type": "string",
                  "x-ms-content-hint": "TEXT",
                  "x-ms-dynamically-added": true
                },
                "text_2": {
                  "description": "Insert the process's name to identify which process is it when reporting terminated or sending queue items email.",
                  "title": "Process Name",
                  "type": "string",
                  "x-ms-content-hint": "TEXT",
                  "x-ms-dynamically-added": true
                },
                "text_4": {
                  "title": "Columns Names",
                  "type": "string",
                  "x-ms-dynamically-added": true,
                  "description": "Specify all columns names that are mandatory in the worksheet. Separate columns by comma.",
                  "x-ms-content-hint": "TEXT"
                },
                "text_5": {
                  "description": "Insert the sharepoint file path. Example: /RpaFileServerDEV/Planejamento/02 - Inputs/Formato RPM.xlsx",
                  "title": "File Path",
                  "type": "string",
                  "x-ms-content-hint": "TEXT",
                  "x-ms-dynamically-added": true
                },
                "text_6": {
                  "title": "Key Column Name",
                  "type": "string",
                  "x-ms-dynamically-added": true,
                  "description": "Insert the column name that won't have empty values. Example: ID Empresa",
                  "x-ms-content-hint": "TEXT"
                },
                "text_7": {
                  "description": "(Optional) Insert the query to return only the desired rows from Excel. Example: InvoiceID ne \"\"",
                  "title": "Excel Filter Query",
                  "type": "string",
                  "x-ms-content-hint": "TEXT",
                  "x-ms-dynamically-added": true
                }
              },
              "required": [
                "text",
                "number",
                "text_1",
                "text_2",
                "text_4",
                "text_5",
                "text_6"
              ]
            }
          }
        }
      },
      "actions": {
        "Try": {
          "actions": {
            "Table_Validations": {
              "actions": {
                "Condition_-_IsWorksheetMatched_True": {
                  "actions": {
                    "Apply_to_each_-_InputColumnNames": {
                      "foreach": "@outputs('Compose_-_InputColumsNames')",
                      "actions": {
                        "Condition_-_IsColumnNameMatched": {
                          "actions": {},
                          "else": {
                            "actions": {
                              "Append_to_string_variable": {
                                "metadata": {
                                  "operationMetadataId": "52f22c51-eb43-4e5b-bdd5-72e520af8f86"
                                },
                                "type": "AppendToStringVariable",
                                "inputs": {
                                  "name": "ExcelColumnsNamesNotFound",
                                  "value": "@concat(string(trim(items('Apply_to_each_-_InputColumnNames'))),', ')"
                                }
                              }
                            }
                          },
                          "expression": {
                            "and": [
                              {
                                "contains": [
                                  "@toLower(variables('ReadColumnsNames'))",
                                  "@concat('\"',trim(items('Apply_to_each_-_InputColumnNames')),'\":')"
                                ]
                              }
                            ]
                          },
                          "metadata": {
                            "operationMetadataId": "965a0b9e-ad92-4f17-bfd8-65037969c216"
                          },
                          "type": "If"
                        }
                      },
                      "runAfter": {
                        "Compose_-_InputColumsNames": [
                          "Succeeded"
                        ]
                      },
                      "metadata": {
                        "operationMetadataId": "63a2c394-4056-4e1a-a389-31ee2c587426"
                      },
                      "type": "Foreach"
                    },
                    "Condition_-_Is_ExcelColumnsNamesNotFound_Empty": {
                      "actions": {},
                      "runAfter": {
                        "Apply_to_each_-_InputColumnNames": [
                          "Succeeded"
                        ]
                      },
                      "else": {
                        "actions": {
                          "Set_variable_-_IsToSkipFlow5_True": {
                            "runAfter": {
                              "Post_message_in_a_chat_or_channel_-_ExcelColumnsnamesNotFound": [
                                "Succeeded"
                              ]
                            },
                            "metadata": {
                              "operationMetadataId": "9bfcf1a0-5f3c-4eb3-ad1b-6161a78c03e1"
                            },
                            "type": "SetVariable",
                            "inputs": {
                              "name": "IsToSkipFlow",
                              "value": true
                            }
                          },
                          "Post_message_in_a_chat_or_channel_-_ExcelColumnsnamesNotFound": {
                            "metadata": {
                              "operationMetadataId": "b1b1c9db-16dd-402a-a897-006670bc68b2"
                            },
                            "type": "OpenApiConnection",
                            "inputs": {
                              "parameters": {
                                "poster": "User",
                                "location": "Channel",
                                "body/recipient/groupId": "12559001-26e5-4652-ab92-cbfc99d3ee81",
                                "body/recipient/channelId": "@if(equals(workflow()?['tags']?['environmentName'], '606b90f3-0e5f-e964-bdf0-03b10137dce0'), '19:2aeba38326bc44af8c46d4775f37d098@thread.tacv2', if(or(equals(workflow()?['tags']?['environmentName'], 'a8eac2d3-fb81-e27c-b22d-c8f3b05d73e1'), equals(workflow()?['tags']?['environmentName'], '41134390-1c91-e0a7-a121-53618b78a8ec')), '19:83c642bb2c2149409c6e0debf87a5644@thread.tacv2', null))",
                                "body/messageBody": "<p class=\"editor-paragraph\">TERMINATED: O arquivo \"@{variables('ExcelFileName')}\", não possui coluna(s) obrigatória(s) \"@{variables('ExcelColumnsNamesNotFound')}\" na aba \"@{triggerBody()?['text_1']}\".</p><br><p class=\"editor-paragraph\">@{concat('https://make.powerautomate.com/environments/', workflow()?['tags']['environmentName'], '/flows/', workflow()?['name'], '/runs/', workflow()?['run']['name'])}</p>",
                                "body/subject": "[@{triggerBody()?['text_2']}] @{workflow()?['tags']?['flowDisplayName']}"
                              },
                              "host": {
                                "apiId": "/providers/Microsoft.PowerApps/apis/shared_teams",
                                "operationId": "PostMessageToConversation",
                                "connectionName": "shared_teams"
                              }
                            }
                          }
                        }
                      },
                      "expression": {
                        "equals": [
                          "@empty(variables('ExcelColumnsNamesNotFound'))",
                          "@true"
                        ]
                      },
                      "metadata": {
                        "operationMetadataId": "2ee9908e-b497-4909-b2f1-b0ede72402aa"
                      },
                      "type": "If"
                    },
                    "Compose_-_InputColumsNames": {
                      "metadata": {
                        "operationMetadataId": "8df7974e-9b25-46d5-8de8-8dc0b4bd31a2"
                      },
                      "type": "Compose",
                      "inputs": "@split(tolower(variables('InputColumnsNames')),',')"
                    }
                  },
                  "else": {
                    "actions": {
                      "Condition_-_IsToSkipFlow2": {
                        "actions": {},
                        "else": {
                          "actions": {
                            "Set_variable_-_IsToSkipFlow4_True": {
                              "runAfter": {
                                "Post_message_in_a_chat_or_channel_-_Worksheet_Not_Found": [
                                  "Succeeded"
                                ]
                              },
                              "metadata": {
                                "operationMetadataId": "0a1a62f0-431f-464c-bd08-f8e74b1e7dfb"
                              },
                              "type": "SetVariable",
                              "inputs": {
                                "name": "IsToSkipFlow",
                                "value": true
                              }
                            },
                            "Post_message_in_a_chat_or_channel_-_Worksheet_Not_Found": {
                              "metadata": {
                                "operationMetadataId": "fa7f2b3e-18b1-436b-b04b-2d7e137ee1ae"
                              },
                              "type": "OpenApiConnection",
                              "inputs": {
                                "parameters": {
                                  "poster": "User",
                                  "location": "Channel",
                                  "body/recipient/groupId": "12559001-26e5-4652-ab92-cbfc99d3ee81",
                                  "body/recipient/channelId": "@if(equals(workflow()?['tags']?['environmentName'], '606b90f3-0e5f-e964-bdf0-03b10137dce0'), '19:2aeba38326bc44af8c46d4775f37d098@thread.tacv2', if(or(equals(workflow()?['tags']?['environmentName'], 'a8eac2d3-fb81-e27c-b22d-c8f3b05d73e1'), equals(workflow()?['tags']?['environmentName'], '41134390-1c91-e0a7-a121-53618b78a8ec')), '19:83c642bb2c2149409c6e0debf87a5644@thread.tacv2', null))",
                                  "body/messageBody": "<p class=\"editor-paragraph\">TERMINATED: O arquivo \"@{variables('ExcelFileName')}\", não possui a aba \"@{triggerBody()?['text_1']}\".</p><p class=\"editor-paragraph\">@{concat('https://make.powerautomate.com/environments/', workflow()?['tags']['environmentName'],'/flows/',workflow()?['name'],'/runs/',workflow()?['run']['name'])}</p>",
                                  "body/subject": "[@{triggerBody()?['text_2']}] @{workflow()?['tags']?['flowDisplayName']}"
                                },
                                "host": {
                                  "apiId": "/providers/Microsoft.PowerApps/apis/shared_teams",
                                  "operationId": "PostMessageToConversation",
                                  "connectionName": "shared_teams"
                                }
                              }
                            }
                          }
                        },
                        "expression": {
                          "and": [
                            {
                              "equals": [
                                "@variables('IsToSkipFlow')",
                                "@true"
                              ]
                            }
                          ]
                        },
                        "metadata": {
                          "operationMetadataId": "1dd9d870-2504-4f58-9aae-aee7206d0761"
                        },
                        "type": "If"
                      }
                    }
                  },
                  "expression": {
                    "and": [
                      {
                        "equals": [
                          "@variables('IsWorksheetMatched')",
                          "@true"
                        ]
                      }
                    ]
                  },
                  "metadata": {
                    "operationMetadataId": "7037eef7-a196-488f-9e43-7353c203a1e4"
                  },
                  "type": "If"
                }
              },
              "runAfter": {
                "Get_Table_Columns_Names": [
                  "Succeeded"
                ]
              },
              "metadata": {
                "operationMetadataId": "27d29482-f1ed-44f2-a2b7-20ae1bc9bc0e"
              },
              "type": "Scope"
            },
            "Get_Excel_File": {
              "actions": {
                "Condition_-_Is_ExcelFile": {
                  "actions": {
                    "Get_file_metadata_using_path_-_Get_Xlsx_File": {
                      "metadata": {
                        "operationMetadataId": "c9dfc8c7-9984-4881-8b80-52c114b9de8d"
                      },
                      "type": "OpenApiConnection",
                      "inputs": {
                        "parameters": {
                          "dataset": "https://renner.sharepoint.com/sites/coerpa/controlroom",
                          "path": "@variables('ExcelFilePath')"
                        },
                        "host": {
                          "apiId": "/providers/Microsoft.PowerApps/apis/shared_sharepointonline",
                          "operationId": "GetFileMetadataByPath",
                          "connectionName": "shared_sharepointonline"
                        }
                      },
                      "description": "File Path Input Example:\n/RpaFileServerDEV/TI/02 - Inputs/Desconto_Colab_UELLO/Desconto Colaborador UELLO_28-06-2024 10_47_08.xlsx"
                    },
                    "Condition_-_Is_Xlsx_File_Found": {
                      "actions": {},
                      "runAfter": {
                        "Get_file_metadata_using_path_-_Get_Xlsx_File": [
                          "Succeeded",
                          "Failed"
                        ]
                      },
                      "else": {
                        "actions": {
                          "Set_variable_-_IsToSkipFlow3_True": {
                            "runAfter": {
                              "Post_message_in_a_chat_or_channel_-_File_Not_Found": [
                                "Succeeded"
                              ]
                            },
                            "metadata": {
                              "operationMetadataId": "cf9ead1a-bc11-4fe2-bd7e-8e68b0a52236"
                            },
                            "type": "SetVariable",
                            "inputs": {
                              "name": "IsToSkipFlow",
                              "value": true
                            }
                          },
                          "Post_message_in_a_chat_or_channel_-_File_Not_Found": {
                            "metadata": {
                              "operationMetadataId": "8acbfef5-da26-47ae-add1-43690059381a"
                            },
                            "type": "OpenApiConnection",
                            "inputs": {
                              "parameters": {
                                "poster": "User",
                                "location": "Channel",
                                "body/recipient/groupId": "12559001-26e5-4652-ab92-cbfc99d3ee81",
                                "body/recipient/channelId": "@if(equals(workflow()?['tags']?['environmentName'], '606b90f3-0e5f-e964-bdf0-03b10137dce0'), '19:2aeba38326bc44af8c46d4775f37d098@thread.tacv2', if(or(equals(workflow()?['tags']?['environmentName'], 'a8eac2d3-fb81-e27c-b22d-c8f3b05d73e1'), equals(workflow()?['tags']?['environmentName'], '41134390-1c91-e0a7-a121-53618b78a8ec')), '19:83c642bb2c2149409c6e0debf87a5644@thread.tacv2', null))",
                                "body/messageBody": "<p>TERMINATED: O arquivo Excel \"@{variables('ExcelFilePath')}\" não foi encontrado no sharepoint da equipe RPA.</p><br><p>@{concat('https://make.powerautomate.com/environments/', workflow()?['tags']['environmentName'],'/flows/',workflow()?['name'],'/runs/',workflow()?['run']['name'])}</p>",
                                "body/subject": "[@{triggerBody()?['text_2']}] @{workflow()?['tags']?['flowDisplayName']}"
                              },
                              "host": {
                                "apiId": "/providers/Microsoft.PowerApps/apis/shared_teams",
                                "operationId": "PostMessageToConversation",
                                "connectionName": "shared_teams"
                              }
                            }
                          }
                        }
                      },
                      "expression": {
                        "and": [
                          {
                            "equals": [
                              "@empty(outputs('Get_file_metadata_using_path_-_Get_Xlsx_File')?['body/Name'])",
                              "@false"
                            ]
                          },
                          {
                            "equals": [
                              "@variables('IsToSkipFlow')",
                              "@false"
                            ]
                          }
                        ]
                      },
                      "metadata": {
                        "operationMetadataId": "24ccdf42-8920-42ca-b2e5-9dee408e54a8"
                      },
                      "type": "If"
                    }
                  },
                  "else": {
                    "actions": {
                      "Set_variable_-_IsToSkipFlow2_True": {
                        "runAfter": {
                          "Post_message_in_a_chat_or_channel_-_File_Is_Not_XLSX": [
                            "Succeeded"
                          ]
                        },
                        "metadata": {
                          "operationMetadataId": "e281e542-9130-4377-a900-45207f379ead"
                        },
                        "type": "SetVariable",
                        "inputs": {
                          "name": "IsToSkipFlow",
                          "value": true
                        }
                      },
                      "Post_message_in_a_chat_or_channel_-_File_Is_Not_XLSX": {
                        "metadata": {
                          "operationMetadataId": "02cccae6-002e-46ef-9d90-db0ad30adc75"
                        },
                        "type": "OpenApiConnection",
                        "inputs": {
                          "parameters": {
                            "poster": "User",
                            "location": "Channel",
                            "body/recipient/groupId": "12559001-26e5-4652-ab92-cbfc99d3ee81",
                            "body/recipient/channelId": "@if(equals(workflow()?['tags']?['environmentName'], '606b90f3-0e5f-e964-bdf0-03b10137dce0'), '19:2aeba38326bc44af8c46d4775f37d098@thread.tacv2', if(or(equals(workflow()?['tags']?['environmentName'], 'a8eac2d3-fb81-e27c-b22d-c8f3b05d73e1'), equals(workflow()?['tags']?['environmentName'], '41134390-1c91-e0a7-a121-53618b78a8ec')), '19:83c642bb2c2149409c6e0debf87a5644@thread.tacv2', null))",
                            "body/messageBody": "<p class=\"editor-paragraph\">TERMINATED: O nome do arquivo \"@{variables('ExcelFileName')}\" não é aceito como Excel, pois não termina com uma das seguintes nomenclaturas \".xlsx\", ou \".xls\", ou \".xlsm\".</p><br><p class=\"editor-paragraph\">@{concat('https://make.powerautomate.com/environments/', workflow()?['tags']['environmentName'],'/flows/',workflow()?['name'],'/runs/',workflow()?['run']['name'])}</p>",
                            "body/subject": "[@{triggerBody()?['text_2']}] @{workflow()?['tags']?['flowDisplayName']}"
                          },
                          "host": {
                            "apiId": "/providers/Microsoft.PowerApps/apis/shared_teams",
                            "operationId": "PostMessageToConversation",
                            "connectionName": "shared_teams"
                          }
                        }
                      }
                    }
                  },
                  "expression": {
                    "or": [
                      {
                        "endsWith": [
                          "@variables('ExcelFileName')",
                          ".xlsx"
                        ]
                      },
                      {
                        "endsWith": [
                          "@variables('ExcelFileName')",
                          ".xlsm"
                        ]
                      },
                      {
                        "endsWith": [
                          "@variables('ExcelFileName')",
                          ".xls"
                        ]
                      }
                    ]
                  },
                  "metadata": {
                    "operationMetadataId": "f655bf1b-fd40-44ea-9587-2dd55c4303f2"
                  },
                  "type": "If"
                }
              },
              "metadata": {
                "operationMetadataId": "bb4d85a6-b59c-4fed-b520-ee604b70479c"
              },
              "type": "Scope"
            },
            "Get_Table": {
              "actions": {
                "Condition_-_IsToSkipFlow3": {
                  "actions": {},
                  "else": {
                    "actions": {
                      "Compose_-_Columns_Names": {
                        "metadata": {
                          "operationMetadataId": "67360fcf-f3dc-48dc-bf67-5b13594c8263"
                        },
                        "type": "Compose",
                        "inputs": "@skip(variables('ExcelColumnsNames'),2)"
                      },
                      "Apply_to_each_-_Columns_Names": {
                        "foreach": "@outputs('Compose_-_Columns_Names')",
                        "actions": {
                          "Condition_-_Is_KeyColumnName_Matched": {
                            "actions": {
                              "Set_variable_-_KeyColumnName": {
                                "metadata": {
                                  "operationMetadataId": "2a702174-a64f-4c8a-b35c-1a25ecf0a4e3"
                                },
                                "type": "SetVariable",
                                "inputs": {
                                  "name": "KeyColumnName",
                                  "value": "@{items('Apply_to_each_-_Columns_Names')}"
                                }
                              },
                              "List_rows_present_in_a_table_-_Dynamic_Table": {
                                "runAfter": {
                                  "Set_variable_-_KeyColumnName": [
                                    "Succeeded"
                                  ]
                                },
                                "metadata": {
                                  "operationMetadataId": "e1d01339-8dab-4714-bc24-217d3158ec7d",
                                  "tableId": "Table_@{variables('TableNameWithoutSpaces')}"
                                },
                                "type": "OpenApiConnection",
                                "inputs": {
                                  "parameters": {
                                    "source": "sites/renner.sharepoint.com,7254fd4b-b991-4dbe-847f-67fb36b67733,d6d5512f-bede-4b2b-890c-399bd8781e34",
                                    "drive": "@parameters('A000_BR_RPA_RPAFileServerPath (cr7fb_FileServerPath)')",
                                    "file": "@variables('ExcelFilePath')",
                                    "table": "Table_@{variables('TableNameWithoutSpaces')}",
                                    "$filter": "@if(empty(triggerBody()?['text_7']),concat(variables('KeyColumnName'),variables('FilterQueryEncapsuled')),triggerBody()?['text_7'])",
                                    "$top": 100000,
                                    "dateTimeFormat": "ISO 8601"
                                  },
                                  "host": {
                                    "apiId": "/providers/Microsoft.PowerApps/apis/shared_excelonlinebusiness",
                                    "operationId": "GetItems",
                                    "connectionName": "shared_excelonlinebusiness-1"
                                  }
                                },
                                "runtimeConfiguration": {
                                  "paginationPolicy": {
                                    "minimumItemCount": 100000
                                  }
                                }
                              },
                              "Set_variable_-_ExcelData": {
                                "runAfter": {
                                  "List_rows_present_in_a_table_-_Dynamic_Table": [
                                    "Succeeded"
                                  ]
                                },
                                "metadata": {
                                  "operationMetadataId": "d7e10286-be45-49b0-a0dc-ab7155751a3b"
                                },
                                "type": "SetVariable",
                                "inputs": {
                                  "name": "ExcelData",
                                  "value": "@{outputs('List_rows_present_in_a_table_-_Dynamic_Table')?['body/value']}"
                                }
                              }
                            },
                            "else": {
                              "actions": {}
                            },
                            "expression": {
                              "and": [
                                {
                                  "equals": [
                                    "@toLower(items('Apply_to_each_-_Columns_Names'))",
                                    "@toLower(triggerBody()?['text_6'])"
                                  ]
                                }
                              ]
                            },
                            "metadata": {
                              "operationMetadataId": "24982de3-d8c8-4900-88b0-7b5c07a4b8c7"
                            },
                            "type": "If"
                          }
                        },
                        "runAfter": {
                          "Compose_-_Columns_Names": [
                            "Succeeded"
                          ]
                        },
                        "metadata": {
                          "operationMetadataId": "6400f9d6-e729-44cd-aea5-f43cb07814f7"
                        },
                        "type": "Foreach"
                      }
                    }
                  },
                  "expression": {
                    "and": [
                      {
                        "equals": [
                          "@variables('IsToSkipFlow')",
                          "@true"
                        ]
                      }
                    ]
                  },
                  "metadata": {
                    "operationMetadataId": "d1114cf1-7f27-492d-a38c-7c0495d01024"
                  },
                  "type": "If"
                },
                "Condition_-_Is_KeyColumnName_Empty": {
                  "actions": {
                    "Set_variable_-_IsToSkipFlow6_True": {
                      "runAfter": {
                        "Post_message_in_a_chat_or_channel_-_KeyColumnName_Is_Wrong": [
                          "Succeeded"
                        ]
                      },
                      "metadata": {
                        "operationMetadataId": "a164e3e8-8a40-497b-a401-0303e9f18447"
                      },
                      "type": "SetVariable",
                      "inputs": {
                        "name": "IsToSkipFlow",
                        "value": true
                      }
                    },
                    "Post_message_in_a_chat_or_channel_-_KeyColumnName_Is_Wrong": {
                      "metadata": {
                        "operationMetadataId": "a5516d6e-b338-41ed-be00-15c10a3b7ce2"
                      },
                      "type": "OpenApiConnection",
                      "inputs": {
                        "parameters": {
                          "poster": "User",
                          "location": "Channel",
                          "body/recipient/groupId": "12559001-26e5-4652-ab92-cbfc99d3ee81",
                          "body/recipient/channelId": "@if(equals(workflow()?['tags']?['environmentName'], '606b90f3-0e5f-e964-bdf0-03b10137dce0'), '19:2aeba38326bc44af8c46d4775f37d098@thread.tacv2', if(or(equals(workflow()?['tags']?['environmentName'], 'a8eac2d3-fb81-e27c-b22d-c8f3b05d73e1'), equals(workflow()?['tags']?['environmentName'], '41134390-1c91-e0a7-a121-53618b78a8ec')), '19:83c642bb2c2149409c6e0debf87a5644@thread.tacv2', null))",
                          "body/messageBody": "<p class=\"editor-paragraph\">TERMINATED: O input Key Column Name \"@{triggerBody()?['text_6']}\" é o nome de uma coluna inexistente no arquivo \"@{variables('ExcelFileName')}\" e na aba \"@{triggerBody()?['text_1']}\".</p><br><p class=\"editor-paragraph\">@{concat('https://make.powerautomate.com/environments/', workflow()?['tags']['environmentName'],'/flows/',workflow()?['name'],'/runs/',workflow()?['run']['name'])}</p>",
                          "body/subject": "[@{triggerBody()?['text_2']}] @{workflow()?['tags']?['flowDisplayName']}"
                        },
                        "host": {
                          "apiId": "/providers/Microsoft.PowerApps/apis/shared_teams",
                          "operationId": "PostMessageToConversation",
                          "connectionName": "shared_teams"
                        }
                      }
                    }
                  },
                  "runAfter": {
                    "Condition_-_IsToSkipFlow3": [
                      "Succeeded"
                    ]
                  },
                  "else": {
                    "actions": {}
                  },
                  "expression": {
                    "and": [
                      {
                        "equals": [
                          "@empty(variables('KeyColumnName'))",
                          "@true"
                        ]
                      },
                      {
                        "equals": [
                          "@variables('IsToSkipFlow')",
                          "@false"
                        ]
                      }
                    ]
                  },
                  "metadata": {
                    "operationMetadataId": "f0210c82-85c0-40b6-bca9-a79b71fec952"
                  },
                  "type": "If"
                }
              },
              "runAfter": {
                "Table_Validations": [
                  "Succeeded"
                ]
              },
              "metadata": {
                "operationMetadataId": "14200a05-fc7c-453d-96e4-1c1017681570"
              },
              "type": "Scope"
            },
            "Get_Table_Columns_Names": {
              "actions": {
                "Condition_-_IsToSkipFlow": {
                  "actions": {},
                  "else": {
                    "actions": {
                      "Get_tables": {
                        "metadata": {
                          "01M3W3BZZ2CD2NWXFFBZBY3SVYMLHPZDLF": "/Teste.xlsx",
                          "tableId": null,
                          "01SAXYNOURAAAUVGHPBFCKUD7OEOMWHB3R": "/Planejamento/02 - Inputs/Formato RPM.xlsx",
                          "operationMetadataId": "ddb8e342-fcb7-4036-939a-bf21ea5f2e57"
                        },
                        "type": "OpenApiConnection",
                        "inputs": {
                          "parameters": {
                            "source": "sites/renner.sharepoint.com,7254fd4b-b991-4dbe-847f-67fb36b67733,d6d5512f-bede-4b2b-890c-399bd8781e34",
                            "drive": "@parameters('A000_BR_RPA_RPAFileServerPath (cr7fb_FileServerPath)')",
                            "file": "@variables('ExcelFilePath')"
                          },
                          "host": {
                            "apiId": "/providers/Microsoft.PowerApps/apis/shared_excelonlinebusiness",
                            "operationId": "GetTables",
                            "connectionName": "shared_excelonlinebusiness-1"
                          }
                        },
                        "description": "Observation: at input 'Document Library' has to insert the ID of the desired folder in sharepoint. The ID is filled in the global environment \"RPAFilaServerPath\""
                      },
                      "Get_worksheets": {
                        "runAfter": {
                          "Get_tables": [
                            "Succeeded"
                          ]
                        },
                        "metadata": {
                          "01M3W3BZ7PBFAEKHJHKBHJH4KP75GSY2RH": "/Formato RPM_Teste.xlsx",
                          "tableId": null,
                          "01SAXYNOURAAAUVGHPBFCKUD7OEOMWHB3R": "/Planejamento/02 - Inputs/Formato RPM.xlsx",
                          "operationMetadataId": "0ceea352-8463-49e1-af3a-b499506b6482"
                        },
                        "type": "OpenApiConnection",
                        "inputs": {
                          "parameters": {
                            "source": "sites/renner.sharepoint.com,7254fd4b-b991-4dbe-847f-67fb36b67733,d6d5512f-bede-4b2b-890c-399bd8781e34",
                            "drive": "@parameters('A000_BR_RPA_RPAFileServerPath (cr7fb_FileServerPath)')",
                            "file": "@variables('ExcelFilePath')"
                          },
                          "host": {
                            "apiId": "/providers/Microsoft.PowerApps/apis/shared_excelonlinebusiness",
                            "operationId": "GetAllWorksheets",
                            "connectionName": "shared_excelonlinebusiness-1"
                          }
                        }
                      },
                      "Apply_to_each_-_Worksheet": {
                        "foreach": "@outputs('Get_worksheets')?['body/value']",
                        "actions": {
                          "Condition_-_Match_Worksheet": {
                            "actions": {
                              "Condition_-_Dynamic_Table_Exists": {
                                "actions": {},
                                "else": {
                                  "actions": {
                                    "Create_table_-_Dynamic_Name": {
                                      "metadata": {
                                        "01M3W3BZ42OACXUB5IW5E3OVXBZEIXPDFT": "/Formato RPM.xlsx",
                                        "01M3W3BZ7PBFAEKHJHKBHJH4KP75GSY2RH": "/Formato RPM_Teste.xlsx",
                                        "01M3W3BZZ2CD2NWXFFBZBY3SVYMLHPZDLF": "/Teste.xlsx",
                                        "tableId": null,
                                        "01SAXYNOURAAAUVGHPBFCKUD7OEOMWHB3R": "/Planejamento/02 - Inputs/Formato RPM.xlsx",
                                        "operationMetadataId": "da63a939-398e-4a9a-baa9-91535bbf6693"
                                      },
                                      "type": "OpenApiConnection",
                                      "inputs": {
                                        "parameters": {
                                          "source": "sites/renner.sharepoint.com,7254fd4b-b991-4dbe-847f-67fb36b67733,d6d5512f-bede-4b2b-890c-399bd8781e34",
                                          "drive": "@parameters('A000_BR_RPA_RPAFileServerPath (cr7fb_FileServerPath)')",
                                          "file": "@variables('ExcelFilePath')",
                                          "table/Range": "=DESLOC('@{items('Apply_to_each_-_Worksheet')?['name']}'!A1;0;0;SUBTOTAL(103;'@{items('Apply_to_each_-_Worksheet')?['name']}'!@{triggerBody()?['text']}:@{triggerBody()?['text']});@{triggerBody()?['number']})",
                                          "table/TableName": "Table_@{variables('TableNameWithoutSpaces')}"
                                        },
                                        "host": {
                                          "apiId": "/providers/Microsoft.PowerApps/apis/shared_excelonlinebusiness",
                                          "operationId": "CreateTable",
                                          "connectionName": "shared_excelonlinebusiness-1"
                                        }
                                      }
                                    }
                                  }
                                },
                                "expression": {
                                  "and": [
                                    {
                                      "contains": [
                                        "@string(outputs('Get_tables')?['body/value'])",
                                        "@concat('Table_',variables('TableNameWithoutSpaces'))"
                                      ]
                                    }
                                  ]
                                },
                                "metadata": {
                                  "operationMetadataId": "cb109115-2be1-43a9-8450-ba2ca65b9f0f"
                                },
                                "type": "If"
                              },
                              "List_rows_present_in_a_table_-_Get_First_Row": {
                                "runAfter": {
                                  "Condition_-_Dynamic_Table_Exists": [
                                    "Succeeded"
                                  ]
                                },
                                "metadata": {
                                  "operationMetadataId": "8113743c-82ba-48bd-84f1-af2769410179",
                                  "tableId": "Table_@{variables('TableNameWithoutSpaces')}"
                                },
                                "type": "OpenApiConnection",
                                "inputs": {
                                  "parameters": {
                                    "source": "sites/renner.sharepoint.com,7254fd4b-b991-4dbe-847f-67fb36b67733,d6d5512f-bede-4b2b-890c-399bd8781e34",
                                    "drive": "@parameters('A000_BR_RPA_RPAFileServerPath (cr7fb_FileServerPath)')",
                                    "file": "@variables('ExcelFilePath')",
                                    "table": "Table_@{variables('TableNameWithoutSpaces')}",
                                    "$top": 1,
                                    "dateTimeFormat": "ISO 8601"
                                  },
                                  "host": {
                                    "apiId": "/providers/Microsoft.PowerApps/apis/shared_excelonlinebusiness",
                                    "operationId": "GetItems",
                                    "connectionName": "shared_excelonlinebusiness-1"
                                  }
                                }
                              },
                              "Select_-_Columns_Names": {
                                "runAfter": {
                                  "List_rows_present_in_a_table_-_Get_First_Row": [
                                    "Succeeded"
                                  ]
                                },
                                "metadata": {
                                  "operationMetadataId": "74898c6a-c2af-4a3b-9997-d27d9caf4232"
                                },
                                "type": "Select",
                                "inputs": {
                                  "from": "@split(string(first(outputs('List_rows_present_in_a_table_-_Get_First_Row')?['body/value'])),'\",')",
                                  "select": "@split(replace(replace(replace(item(), '\"', ''), '}', ''), '{', ''), ':')[0]"
                                }
                              },
                              "Set_variable_-_ExcelColunmNames": {
                                "runAfter": {
                                  "Select_-_Columns_Names": [
                                    "Succeeded"
                                  ]
                                },
                                "metadata": {
                                  "operationMetadataId": "44ec3ee8-336c-45df-916e-7cf437ba76f8"
                                },
                                "type": "SetVariable",
                                "inputs": {
                                  "name": "ExcelColumnsNames",
                                  "value": "@body('Select_-_Columns_Names')"
                                }
                              },
                              "Set_variable_-_ReadColumnsNames": {
                                "runAfter": {
                                  "Select_-_Columns_Names": [
                                    "Succeeded"
                                  ]
                                },
                                "metadata": {
                                  "operationMetadataId": "e04eedd7-e97f-4aa4-8e5b-b339be244098"
                                },
                                "type": "SetVariable",
                                "inputs": {
                                  "name": "ReadColumnsNames",
                                  "value": "@{outputs('List_rows_present_in_a_table_-_Get_First_Row')?['body/value']}"
                                }
                              },
                              "Set_variable_-_IsWorksheetMatched_as_True": {
                                "runAfter": {
                                  "Select_-_Columns_Names": [
                                    "Succeeded"
                                  ]
                                },
                                "metadata": {
                                  "operationMetadataId": "e9f2058d-6110-4aac-a058-9e1e8543d3dd"
                                },
                                "type": "SetVariable",
                                "inputs": {
                                  "name": "IsWorksheetMatched",
                                  "value": true
                                }
                              }
                            },
                            "else": {
                              "actions": {}
                            },
                            "expression": {
                              "and": [
                                {
                                  "equals": [
                                    "@tolower(replace(item()?['name'],' ',''))",
                                    "@variables('TableNameWithoutSpaces')"
                                  ]
                                },
                                {
                                  "equals": [
                                    "@variables('IsWorksheetMatched')",
                                    "@false"
                                  ]
                                }
                              ]
                            },
                            "metadata": {
                              "operationMetadataId": "58e12388-101b-428e-a877-da7c43ae697c"
                            },
                            "type": "If"
                          }
                        },
                        "runAfter": {
                          "Get_worksheets": [
                            "Succeeded"
                          ]
                        },
                        "metadata": {
                          "operationMetadataId": "fbae7743-62ca-4be5-a079-2d2318fccccd"
                        },
                        "type": "Foreach"
                      }
                    }
                  },
                  "expression": {
                    "and": [
                      {
                        "equals": [
                          "@variables('IsToSkipFlow')",
                          "@true"
                        ]
                      }
                    ]
                  },
                  "metadata": {
                    "operationMetadataId": "40f8316f-0700-4c0f-9ebd-ee9072a9cd99"
                  },
                  "type": "If"
                }
              },
              "runAfter": {
                "Get_Excel_File": [
                  "Succeeded"
                ]
              },
              "metadata": {
                "operationMetadataId": "14200a05-fc7c-453d-96e4-1c1017681570"
              },
              "type": "Scope"
            },
            "Condition_-_IsToSkipFlow4": {
              "actions": {
                "Respond_to_a_Power_App_or_flow_-_SkippedFlow": {
                  "metadata": {
                    "operationMetadataId": "0cf6e937-0f23-439b-84dc-42e408ce30ae"
                  },
                  "type": "Response",
                  "kind": "PowerApp",
                  "inputs": {
                    "schema": {
                      "type": "object",
                      "properties": {
                        "successed_run": {
                          "title": "Successed Run",
                          "x-ms-dynamically-added": true,
                          "type": "boolean"
                        },
                        "excel_data": {
                          "title": "Excel Data",
                          "x-ms-dynamically-added": true,
                          "type": "string"
                        }
                      },
                      "additionalProperties": {}
                    },
                    "statusCode": 200,
                    "body": {
                      "successed_run": "@false"
                    }
                  }
                }
              },
              "runAfter": {
                "Get_Table": [
                  "Succeeded"
                ]
              },
              "else": {
                "actions": {
                  "Respond_to_a_Power_App_or_flow_-_Success": {
                    "metadata": {
                      "operationMetadataId": "0cf6e937-0f23-439b-84dc-42e408ce30ae"
                    },
                    "type": "Response",
                    "kind": "PowerApp",
                    "inputs": {
                      "schema": {
                        "type": "object",
                        "properties": {
                          "successed_run": {
                            "title": "Successed Run",
                            "x-ms-dynamically-added": true,
                            "type": "boolean"
                          },
                          "excel_data": {
                            "title": "Excel Data",
                            "x-ms-dynamically-added": true,
                            "type": "string"
                          }
                        },
                        "additionalProperties": {}
                      },
                      "statusCode": 200,
                      "body": {
                        "successed_run": "@true",
                        "excel_data": "@variables('ExcelData')"
                      }
                    }
                  }
                }
              },
              "expression": {
                "and": [
                  {
                    "equals": [
                      "@variables('IsToSkipFlow')",
                      "@true"
                    ]
                  }
                ]
              },
              "metadata": {
                "operationMetadataId": "1efc00a8-7eaa-4d62-8d3e-3e63173f9e00"
              },
              "type": "If"
            }
          },
          "runAfter": {
            "Initialize_variable_-_ExcelFilePath": [
              "Succeeded"
            ],
            "Initialize_variable_-_ExcelData": [
              "Succeeded"
            ],
            "Initialize_variable_-__IsWorksheetMatched": [
              "Succeeded"
            ],
            "Initialize_variable_-_TableNameWithoutSpaces": [
              "Succeeded"
            ],
            "Initialize_variable_-_InputColumnsNames": [
              "Succeeded"
            ],
            "Initialize_variable_-_ExcelColumnsNamesNotFound": [
              "Succeeded"
            ],
            "Initialize_variable_-_KeyColumnName": [
              "Succeeded"
            ],
            "Initialize_variable_-_ReadColumnsNames": [
              "Succeeded"
            ],
            "Initialize_variable_-_ExcelColumnNames": [
              "Succeeded"
            ],
            "Initialize_variable_-_IsToSkipFlow_False": [
              "Succeeded"
            ],
            "Initialize_variable_-_ExcelFileName": [
              "Succeeded"
            ],
            "Initialize_variable_-_FilterQueryEncapsuled": [
              "Succeeded"
            ]
          },
          "metadata": {
            "operationMetadataId": "2b7caf9e-6b81-40b2-9648-586d17e53f36"
          },
          "type": "Scope"
        },
        "Catch": {
          "actions": {
            "Filter_array_-_CatchError": {
              "metadata": {
                "operationMetadataId": "1f8d2bb7-545a-4811-b3df-d819055bdb65"
              },
              "type": "Query",
              "inputs": {
                "from": "@result('Try')",
                "where": "@or(equals(item()?['Status'], 'Failed'),equals(item()?['Status'], 'TimedOut'))"
              }
            },
            "Create_HTML_table_-_Error": {
              "runAfter": {
                "Filter_array_-_CatchError": [
                  "Succeeded"
                ]
              },
              "metadata": {
                "operationMetadataId": "2226e9f0-bead-4195-b5e7-6d3224a8be20"
              },
              "type": "Table",
              "inputs": {
                "from": "@body('Filter_array_-_CatchError')",
                "format": "HTML",
                "columns": [
                  {
                    "header": "Action",
                    "value": "@item()?['name']"
                  },
                  {
                    "header": "Status",
                    "value": "@item()?['Status']"
                  },
                  {
                    "header": "ErrorMessage",
                    "value": "@item()?['error']?['message']"
                  }
                ]
              }
            },
            "Respond_to_a_Power_App_or_flow_-_Fail": {
              "runAfter": {
                "Post_message_in_a_chat_or_channel_-_Generic_Error": [
                  "Succeeded"
                ]
              },
              "metadata": {
                "operationMetadataId": "cd93609b-33ee-4f3d-8a38-b60c3c3f6fe2"
              },
              "type": "Response",
              "kind": "PowerApp",
              "inputs": {
                "schema": {
                  "type": "object",
                  "properties": {
                    "successed_run": {
                      "title": "Successed Run",
                      "x-ms-dynamically-added": true,
                      "type": "boolean"
                    },
                    "excel_data": {
                      "title": "Excel Data",
                      "x-ms-dynamically-added": true,
                      "type": "string"
                    }
                  },
                  "additionalProperties": {}
                },
                "statusCode": 200,
                "body": {
                  "successed_run": "@false"
                }
              }
            },
            "Post_message_in_a_chat_or_channel_-_Generic_Error": {
              "runAfter": {
                "Create_HTML_table_-_Error": [
                  "Succeeded"
                ]
              },
              "metadata": {
                "operationMetadataId": "9b532261-1973-4b1f-adbf-15ef060df81c"
              },
              "type": "OpenApiConnection",
              "inputs": {
                "parameters": {
                  "poster": "User",
                  "location": "Channel",
                  "body/recipient/groupId": "12559001-26e5-4652-ab92-cbfc99d3ee81",
                  "body/recipient/channelId": "@if(equals(workflow()?['tags']?['environmentName'], '606b90f3-0e5f-e964-bdf0-03b10137dce0'), '19:2aeba38326bc44af8c46d4775f37d098@thread.tacv2', if(or(equals(workflow()?['tags']?['environmentName'], 'a8eac2d3-fb81-e27c-b22d-c8f3b05d73e1'), equals(workflow()?['tags']?['environmentName'], '41134390-1c91-e0a7-a121-53618b78a8ec')), '19:83c642bb2c2149409c6e0debf87a5644@thread.tacv2', null))",
                  "body/messageBody": "<p class=\"editor-paragraph\">@{body('Create_HTML_table_-_Error')}</p><p class=\"editor-paragraph\"><a href=\"@{concat('https://make.powerautomate.com/environments/', workflow()?['tags']['environmentName'],'/flows/',workflow()?['name'],'/runs/',workflow()?['run']['name'])}\" class=\"editor-link\">Clique aqui para visualizar o erro.</a></p>",
                  "body/subject": "[@{triggerBody()?['text_2']}] @{workflow()?['tags']?['flowDisplayName']}"
                },
                "host": {
                  "apiId": "/providers/Microsoft.PowerApps/apis/shared_teams",
                  "operationId": "PostMessageToConversation",
                  "connectionName": "shared_teams"
                }
              }
            }
          },
          "runAfter": {
            "Try": [
              "Failed",
              "TimedOut"
            ]
          },
          "metadata": {
            "operationMetadataId": "f8c03582-471f-4d99-9621-f0e1bed1923f"
          },
          "type": "Scope"
        },
        "Initialize_variable_-_ExcelFilePath": {
          "runAfter": {},
          "metadata": {
            "operationMetadataId": "0150cfd3-5974-44c6-931a-7afd78ff1be8"
          },
          "type": "InitializeVariable",
          "inputs": {
            "variables": [
              {
                "name": "ExcelFilePath",
                "type": "string",
                "value": "@triggerBody()?['text_5']"
              }
            ]
          }
        },
        "Initialize_variable_-__IsWorksheetMatched": {
          "runAfter": {},
          "metadata": {
            "operationMetadataId": "49122b90-6088-4a72-8f18-f132dbbf54ba"
          },
          "type": "InitializeVariable",
          "inputs": {
            "variables": [
              {
                "name": "IsWorksheetMatched",
                "type": "boolean",
                "value": false
              }
            ]
          }
        },
        "Initialize_variable_-_TableNameWithoutSpaces": {
          "runAfter": {},
          "metadata": {
            "operationMetadataId": "23b15a43-c8b4-46c1-acf0-7fe6cdac8d9e"
          },
          "type": "InitializeVariable",
          "inputs": {
            "variables": [
              {
                "name": "TableNameWithoutSpaces",
                "type": "string",
                "value": "@{toLower(replace(triggerBody()['text_1'],' ',''))}"
              }
            ]
          }
        },
        "Initialize_variable_-_InputColumnsNames": {
          "runAfter": {},
          "metadata": {
            "operationMetadataId": "88e2d3d4-013b-4d56-81d0-bd8bf98fec98"
          },
          "type": "InitializeVariable",
          "inputs": {
            "variables": [
              {
                "name": "InputColumnsNames",
                "type": "string",
                "value": "@triggerBody()['text_4']"
              }
            ]
          }
        },
        "Initialize_variable_-_ExcelColumnsNamesNotFound": {
          "runAfter": {},
          "metadata": {
            "operationMetadataId": "09b74f0f-7e98-4525-be8c-8307d1fc8773"
          },
          "type": "InitializeVariable",
          "inputs": {
            "variables": [
              {
                "name": "ExcelColumnsNamesNotFound",
                "type": "string"
              }
            ]
          }
        },
        "Initialize_variable_-_ExcelData": {
          "runAfter": {},
          "metadata": {
            "operationMetadataId": "10b85865-8303-4158-b17b-031190e83fcd"
          },
          "type": "InitializeVariable",
          "inputs": {
            "variables": [
              {
                "name": "ExcelData",
                "type": "string"
              }
            ]
          }
        },
        "Initialize_variable_-_KeyColumnName": {
          "runAfter": {},
          "metadata": {
            "operationMetadataId": "e2919cbc-2c33-4c15-b366-24d7ef0a6ed0"
          },
          "type": "InitializeVariable",
          "inputs": {
            "variables": [
              {
                "name": "KeyColumnName",
                "type": "string"
              }
            ]
          }
        },
        "Initialize_variable_-_ReadColumnsNames": {
          "runAfter": {},
          "metadata": {
            "operationMetadataId": "4a27f03b-8c80-4978-ba80-b46fc67e3131"
          },
          "type": "InitializeVariable",
          "inputs": {
            "variables": [
              {
                "name": "ReadColumnsNames",
                "type": "string"
              }
            ]
          }
        },
        "Initialize_variable_-_ExcelColumnNames": {
          "runAfter": {},
          "metadata": {
            "operationMetadataId": "80a4278d-e726-4e1c-b863-4c0d69bff590"
          },
          "type": "InitializeVariable",
          "inputs": {
            "variables": [
              {
                "name": "ExcelColumnsNames",
                "type": "array"
              }
            ]
          }
        },
        "Initialize_variable_-_IsToSkipFlow_False": {
          "runAfter": {},
          "metadata": {
            "operationMetadataId": "ea2a4fa6-cf88-4599-bbf9-40b77f61375e"
          },
          "type": "InitializeVariable",
          "inputs": {
            "variables": [
              {
                "name": "IsToSkipFlow",
                "type": "boolean",
                "value": false
              }
            ]
          }
        },
        "Initialize_variable_-_ExcelFileName": {
          "runAfter": {},
          "metadata": {
            "operationMetadataId": "c2c2edfe-e5ac-4706-969d-a61d078d44c6"
          },
          "type": "InitializeVariable",
          "inputs": {
            "variables": [
              {
                "name": "ExcelFileName",
                "type": "string",
                "value": "@last(split(triggerBody()?['text_5'],'/'))"
              }
            ]
          }
        },
        "Initialize_variable_-_FilterQueryEncapsuled": {
          "runAfter": {},
          "metadata": {
            "operationMetadataId": "8145d045-62e7-4b5d-a9df-428acbbb1dde"
          },
          "type": "InitializeVariable",
          "inputs": {
            "variables": [
              {
                "name": "FilterQueryEncapsuled",
                "type": "string",
                "value": " ne ''"
              }
            ]
          }
        }
      }
    },
    "templateName": null
  },
  "schemaVersion": "1.0.0.0"
}