{
  "properties": {
    "connectionReferences": {
      "shared_commondataserviceforapps-1": {
        "api": {
          "name": "shared_commondataserviceforapps"
        },
        "connection": {
          "connectionReferenceLogicalName": "new_sharedcommondataserviceforapps_97142"
        },
        "runtimeSource": "embedded"
      },
      "shared_teams": {
        "api": {
          "name": "shared_teams"
        },
        "connection": {
          "connectionReferenceLogicalName": "new_sharedteams_d3706"
        },
        "runtimeSource": "embedded"
      }
    },
    "definition": {
      "$schema": "https://schema.management.azure.com/providers/Microsoft.Logic/schemas/2016-06-01/workflowdefinition.json#",
      "contentVersion": "1.0.0.0",
      "parameters": {
        "$authentication": {
          "defaultValue": {},
          "type": "SecureObject"
        },
        "$connections": {
          "defaultValue": {},
          "type": "Object"
        }
      },
      "triggers": {
        "manual": {
          "type": "Request",
          "kind": "Button",
          "inputs": {
            "schema": {
              "type": "object",
              "properties": {
                "text": {
                  "description": "Please enter your input.",
                  "title": "ProcessName",
                  "type": "string",
                  "x-ms-content-hint": "TEXT",
                  "x-ms-dynamically-added": true
                },
                "text_1": {
                  "description": "Insert the work queue ID from advanced details on Work Queues section",
                  "title": "Workqueue_ID",
                  "type": "string",
                  "x-ms-content-hint": "TEXT",
                  "x-ms-dynamically-added": true
                },
                "text_2": {
                  "description": "Insert the output from 'Select' connector, its needed to have two mapped keys as 'ItemName' and 'ItemInput'.",
                  "title": "ArrayData",
                  "type": "string",
                  "x-ms-content-hint": "TEXT",
                  "x-ms-dynamically-added": true
                }
              },
              "required": [
                "text",
                "text_1",
                "text_2"
              ]
            }
          },
          "metadata": {
            "operationMetadataId": "22180faa-3ca6-4e4a-8850-d81ffcb0e4ab"
          }
        }
      },
      "actions": {
        "Initialize_variable_-_CountPendingItems": {
          "type": "InitializeVariable",
          "inputs": {
            "variables": [
              {
                "name": "CountPendingItems",
                "type": "integer",
                "value": 0
              }
            ]
          },
          "runAfter": {},
          "metadata": {
            "operationMetadataId": "2db06b52-fe8d-43f3-baa0-e8e45fec508d"
          }
        },
        "Try": {
          "type": "Scope",
          "actions": {
            "For_each_-_Array_Item": {
              "type": "Foreach",
              "foreach": "@array(variables('ArrayData'))",
              "actions": {
                "Set_variable_-_ItemName": {
                  "type": "SetVariable",
                  "inputs": {
                    "name": "ItemName",
                    "value": "@{item()?['ItemName']}"
                  },
                  "metadata": {
                    "operationMetadataId": "02a6e5b3-fff7-42a1-84e0-be08bab7f861"
                  }
                },
                "Condition": {
                  "type": "If",
                  "expression": {
                    "and": [
                      {
                        "not": {
                          "contains": [
                            "@variables('WorkQueueItems')",
                            "@concat('\"name\":\"',variables('ItemName'),'\"')"
                          ]
                        }
                      }
                    ]
                  },
                  "actions": {
                    "Adicionar_uma_nova_linha_-_Pending_Item": {
                      "type": "OpenApiConnection",
                      "inputs": {
                        "parameters": {
                          "entityName": "workqueueitems",
                          "item/name": "@{item()?['ItemName']}",
                          "item/workqueueid@odata.bind": "/workqueues(@{triggerBody()?['text_1']})",
                          "item/input": "@{item()?['ItemInput']}",
                          "item/processingresult": "#0#",
                          "item/statecode": 0
                        },
                        "host": {
                          "apiId": "/providers/Microsoft.PowerApps/apis/shared_commondataserviceforapps",
                          "operationId": "CreateRecord",
                          "connectionName": "shared_commondataserviceforapps-1"
                        }
                      },
                      "metadata": {
                        "operationMetadataId": "2a717861-5de0-4b09-9cbb-6e75825220ca"
                      }
                    },
                    "Acrescentar_à_variável_de_cadeia_-_WorkQueueItems": {
                      "type": "AppendToStringVariable",
                      "inputs": {
                        "name": "WorkQueueItems",
                        "value": "\"name\":\"@{variables('ItemName')}\""
                      },
                      "runAfter": {
                        "Adicionar_uma_nova_linha_-_Pending_Item": [
                          "Succeeded"
                        ]
                      },
                      "metadata": {
                        "operationMetadataId": "9a17d972-9896-438e-a16d-f515cf664cee"
                      }
                    }
                  },
                  "else": {
                    "actions": {}
                  },
                  "runAfter": {
                    "Set_variable_-_ItemName": [
                      "Succeeded"
                    ]
                  },
                  "metadata": {
                    "operationMetadataId": "05a003ce-d4d3-409f-b83b-e2cac606ae35"
                  }
                }
              },
              "runAfter": {
                "Set_variable_-_WorkQueueitems": [
                  "Succeeded"
                ],
                "Set_variable_-_Decode_ArrayData": [
                  "Succeeded"
                ]
              },
              "metadata": {
                "operationMetadataId": "617b5751-6fa6-454e-97a7-dbe5d2fc0d74"
              }
            },
            "Listar_linhas_-_Get_Work_Queue_Items": {
              "type": "OpenApiConnection",
              "inputs": {
                "parameters": {
                  "entityName": "workqueueitems",
                  "$select": "name,statecode,workqueueitemid",
                  "$filter": "(statecode eq 0 or statecode eq 1 or statecode eq 2 or statecode eq 3) and _workqueueid_value eq '@{triggerBody()?['text_1']}'"
                },
                "host": {
                  "apiId": "/providers/Microsoft.PowerApps/apis/shared_commondataserviceforapps",
                  "operationId": "ListRecords",
                  "connectionName": "shared_commondataserviceforapps-1"
                }
              },
              "metadata": {
                "operationMetadataId": "147e1840-03e9-4ee4-9859-77269690fe4c"
              }
            },
            "Set_variable_-_WorkQueueitems": {
              "type": "SetVariable",
              "inputs": {
                "name": "WorkQueueItems",
                "value": "@{outputs('Listar_linhas_-_Get_Work_Queue_Items')?['body/value']}"
              },
              "runAfter": {
                "Listar_linhas_-_Get_Work_Queue_Items": [
                  "Succeeded"
                ]
              },
              "metadata": {
                "operationMetadataId": "d27b8423-05ae-41c9-a0fa-eee43a93b1f9"
              }
            },
            "Respond_to_a_Power_App_or_flow_-_Success": {
              "type": "Response",
              "kind": "PowerApp",
              "inputs": {
                "schema": {
                  "type": "object",
                  "properties": {
                    "successed_run": {
                      "title": "Successed Run",
                      "x-ms-dynamically-added": true,
                      "type": "boolean"
                    },
                    "count_pending items": {
                      "title": "Count Pending Items",
                      "type": "number",
                      "x-ms-content-hint": "NUMBER",
                      "x-ms-dynamically-added": true
                    }
                  },
                  "additionalProperties": {}
                },
                "statusCode": 200,
                "body": {
                  "successed_run": "@true",
                  "count_pending items": "@int(outputs('Compose_-_Get_Pending_Items'))"
                }
              },
              "runAfter": {
                "Compose_-_Get_Pending_Items": [
                  "Succeeded"
                ]
              },
              "metadata": {
                "operationMetadataId": "bd4bde8e-3893-42b7-948b-922be0c14bdb"
              }
            },
            "Set_variable_-_Decode_ArrayData": {
              "type": "SetVariable",
              "inputs": {
                "name": "ArrayData",
                "value": "@json(base64ToString(triggerBody()?['text_2']))"
              },
              "runAfter": {
                "Listar_linhas_-_Get_Work_Queue_Items": [
                  "Succeeded"
                ]
              },
              "metadata": {
                "operationMetadataId": "08a91235-3d83-4617-8b7c-34e53d77edab"
              }
            },
            "Listar_linhas_-_Get_Pending_Items": {
              "type": "OpenApiConnection",
              "inputs": {
                "parameters": {
                  "entityName": "workqueueitems",
                  "$filter": "statecode eq 0 and _workqueueid_value eq '@{triggerBody()?['text_1']}'"
                },
                "host": {
                  "apiId": "/providers/Microsoft.PowerApps/apis/shared_commondataserviceforapps",
                  "operationId": "ListRecords",
                  "connectionName": "shared_commondataserviceforapps-1"
                }
              },
              "runAfter": {
                "For_each_-_Array_Item": [
                  "Succeeded",
                  "Skipped"
                ]
              },
              "metadata": {
                "operationMetadataId": "147e1840-03e9-4ee4-9859-77269690fe4c"
              }
            },
            "Compose_-_Get_Pending_Items": {
              "type": "Compose",
              "inputs": "@length(outputs('Listar_linhas_-_Get_Pending_Items')?['body/value'])",
              "runAfter": {
                "Listar_linhas_-_Get_Pending_Items": [
                  "Succeeded"
                ]
              },
              "metadata": {
                "operationMetadataId": "6ae986a8-553b-4f9b-9171-cc8a64b58abe"
              }
            }
          },
          "runAfter": {
            "Initialize_variable_-_CountPendingItems": [
              "Succeeded"
            ],
            "Initialize_variable_-_WorkQueueItems": [
              "Succeeded"
            ],
            "Initialize_variable_-_ItemKey": [
              "Succeeded"
            ],
            "Initialize_variable_-_ArrayData": [
              "Succeeded"
            ]
          },
          "metadata": {
            "operationMetadataId": "0aff4404-79e7-4c68-91ea-4722e87cc1ce"
          }
        },
        "Initialize_variable_-_WorkQueueItems": {
          "type": "InitializeVariable",
          "inputs": {
            "variables": [
              {
                "name": "WorkQueueItems",
                "type": "string"
              }
            ]
          },
          "runAfter": {},
          "metadata": {
            "operationMetadataId": "f380b789-8f56-41f5-9bf9-7e6fa0d633ab"
          }
        },
        "Initialize_variable_-_ItemKey": {
          "type": "InitializeVariable",
          "inputs": {
            "variables": [
              {
                "name": "ItemName",
                "type": "string"
              }
            ]
          },
          "runAfter": {},
          "metadata": {
            "operationMetadataId": "0bd9bdb1-64ef-4e90-b6d7-c9c4a907f4a6"
          }
        },
        "Initialize_variable_-_ArrayData": {
          "type": "InitializeVariable",
          "inputs": {
            "variables": [
              {
                "name": "ArrayData",
                "type": "array"
              }
            ]
          },
          "runAfter": {},
          "metadata": {
            "operationMetadataId": "a8981163-38fa-48ff-9d9e-d5bb09397307"
          }
        },
        "Catch": {
          "type": "Scope",
          "actions": {
            "Filter_array_-_CatchError": {
              "type": "Query",
              "inputs": {
                "from": "@result('Try')",
                "where": "@or(equals(item()?['Status'], 'Failed'), equals(item()?['Status'], 'TimedOut'))"
              },
              "metadata": {
                "operationMetadataId": "1f8d2bb7-545a-4811-b3df-d819055bdb65"
              }
            },
            "Create_HTML_table_-_Error": {
              "type": "Table",
              "inputs": {
                "from": "@body('Filter_array_-_CatchError')",
                "format": "HTML",
                "columns": [
                  {
                    "header": "Action",
                    "value": "@item()?['name']"
                  },
                  {
                    "header": "Status",
                    "value": "@item()?['Status']"
                  },
                  {
                    "header": "ErrorMessage",
                    "value": "@item()?['error']?['message']"
                  }
                ]
              },
              "runAfter": {
                "Filter_array_-_CatchError": [
                  "Succeeded"
                ]
              },
              "metadata": {
                "operationMetadataId": "2226e9f0-bead-4195-b5e7-6d3224a8be20"
              }
            },
            "Post_message_in_a_chat_or_channel_-_Generic_Error": {
              "type": "OpenApiConnection",
              "inputs": {
                "parameters": {
                  "poster": "User",
                  "location": "Channel",
                  "body/recipient/groupId": "12559001-26e5-4652-ab92-cbfc99d3ee81",
                  "body/recipient/channelId": "19:2aeba38326bc44af8c46d4775f37d098@thread.tacv2",
                  "body/messageBody": "<p>@{body('Create_HTML_table_-_Error')}</p><p><a href=\"@{concat('https://make.powerautomate.com/environments/', workflow()?['tags']['environmentName'],'/flows/',workflow()?['name'],'/runs/',workflow()?['run']['name'])}\">Clique aqui para visualizar o erro.</a></p>",
                  "body/subject": "[@{triggerBody()['text']}] @{workflow()?['tags']?['flowDisplayName']}"
                },
                "host": {
                  "apiId": "/providers/Microsoft.PowerApps/apis/shared_teams",
                  "operationId": "PostMessageToConversation",
                  "connectionName": "shared_teams"
                }
              },
              "runAfter": {
                "Create_HTML_table_-_Error": [
                  "Succeeded"
                ]
              },
              "metadata": {
                "operationMetadataId": "293ccad5-f122-4655-b113-bfcec2310349"
              }
            },
            "Respond_to_a_Power_App_or_flow_-_Fail": {
              "type": "Response",
              "kind": "PowerApp",
              "inputs": {
                "schema": {
                  "type": "object",
                  "properties": {
                    "successed_run": {
                      "title": "Successed Run",
                      "x-ms-dynamically-added": true,
                      "type": "boolean"
                    },
                    "count_pending items": {
                      "title": "Count Pending Items",
                      "type": "number",
                      "x-ms-content-hint": "NUMBER",
                      "x-ms-dynamically-added": true
                    }
                  },
                  "additionalProperties": {}
                },
                "statusCode": 200,
                "body": {
                  "successed_run": "@false"
                }
              },
              "runAfter": {
                "Post_message_in_a_chat_or_channel_-_Generic_Error": [
                  "Succeeded"
                ]
              },
              "metadata": {
                "operationMetadataId": "cd93609b-33ee-4f3d-8a38-b60c3c3f6fe2"
              }
            }
          },
          "runAfter": {
            "Try": [
              "Failed",
              "TimedOut"
            ]
          },
          "metadata": {
            "operationMetadataId": "f8c03582-471f-4d99-9621-f0e1bed1923f"
          }
        }
      }
    },
    "templateName": null
  },
  "schemaVersion": "1.0.0.0"
}