{
  "properties": {
    "connectionReferences": {
      "shared_office365-1": {
        "api": {
          "name": "shared_office365"
        },
        "connection": {
          "connectionReferenceLogicalName": "cr7fb_sharedoffice365_1b681"
        },
        "runtimeSource": "embedded"
      },
      "shared_sharepointonline": {
        "api": {
          "name": "shared_sharepointonline"
        },
        "connection": {
          "connectionReferenceLogicalName": "cr7fb_sharedsharepointonline_c32c0"
        },
        "runtimeSource": "embedded"
      }
    },
    "definition": {
      "$schema": "https://schema.management.azure.com/providers/Microsoft.Logic/schemas/2016-06-01/workflowdefinition.json#",
      "contentVersion": "1.0.0.0",
      "parameters": {
        "$authentication": {
          "defaultValue": {},
          "type": "SecureObject"
        },
        "$connections": {
          "defaultValue": {},
          "type": "Object"
        }
      },
      "triggers": {
        "When_a_new_email_arrives_(V3)": {
          "type": "OpenApiConnectionNotification",
          "inputs": {
            "parameters": {
              "includeAttachments": true,
              "subjectFilter": "Atualização de Preços Youcom",
              "importance": "Any",
              "fetchOnlyWithAttachment": true,
              "folderPath": "Inbox"
            },
            "host": {
              "apiId": "/providers/Microsoft.PowerApps/apis/shared_office365",
              "operationId": "OnNewEmailV3",
              "connectionName": "shared_office365-1"
            }
          },
          "splitOn": "@triggerOutputs()?['body/value']"
        }
      },
      "actions": {
        "Initialize_variable_-_DateToday": {
          "type": "InitializeVariable",
          "inputs": {
            "variables": [
              {
                "name": "DateToday",
                "type": "string",
                "value": "@{Replace(utcNow(),':','')}"
              }
            ]
          },
          "runAfter": {}
        },
        "Initialize_variable_-_CountCreatedFiles": {
          "type": "InitializeVariable",
          "inputs": {
            "variables": [
              {
                "name": "CountCreatedFiles",
                "type": "integer",
                "value": 0
              }
            ]
          },
          "runAfter": {
            "Initialize_variable_-_DateToday": [
              "Succeeded"
            ]
          }
        },
        "For_each_-_Attachments": {
          "type": "Foreach",
          "foreach": "@triggerOutputs()?['body/attachments']",
          "actions": {
            "Condition_-_Check_File_Format": {
              "type": "If",
              "expression": {
                "and": [
                  {
                    "endsWith": [
                      "@item()?['name']",
                      ".xlsx"
                    ]
                  },
                  {
                    "greater": [
                      "@item()?['size']",
                      0
                    ]
                  }
                ]
              },
              "actions": {
                "Create_file": {
                  "type": "OpenApiConnection",
                  "inputs": {
                    "parameters": {
                      "dataset": "https://renner.sharepoint.com/sites/coerpa/controlroom",
                      "folderPath": "/RpaFileServerPRD/Planejamento/02 - Inputs",
                      "name": "Formato RPM_@{variables('DateToday')}_@{variables('CountCreatedFiles')}.xlsx",
                      "body": "@items('For_each_-_Attachments')"
                    },
                    "host": {
                      "apiId": "/providers/Microsoft.PowerApps/apis/shared_sharepointonline",
                      "operationId": "CreateFile",
                      "connectionName": "shared_sharepointonline"
                    }
                  },
                  "runAfter": {
                    "Increment_variable_-_CountCreatedFiles_+1": [
                      "Succeeded"
                    ]
                  },
                  "runtimeConfiguration": {
                    "contentTransfer": {
                      "transferMode": "Chunked"
                    }
                  },
                  "metadata": {
                    "operationMetadataId": "2bb91928-af8f-415b-8ffc-120ce98b2a10"
                  }
                },
                "Increment_variable_-_CountCreatedFiles_+1": {
                  "type": "IncrementVariable",
                  "inputs": {
                    "name": "CountCreatedFiles",
                    "value": 1
                  }
                }
              },
              "else": {
                "actions": {}
              }
            }
          },
          "runAfter": {
            "Initialize_variable_-_CountCreatedFiles": [
              "Succeeded"
            ]
          }
        }
      },
      "outputs": {}
    },
    "templateName": null
  },
  "schemaVersion": "1.0.0.0"
}