{
  "properties": {
    "connectionReferences": {
      "shared_commondataserviceforapps": {
        "impersonation": {},
        "runtimeSource": "embedded",
        "connection": {
          "connectionReferenceLogicalName": "new_sharedcommondataserviceforapps_97142"
        },
        "api": {
          "name": "shared_commondataserviceforapps"
        }
      },
      "shared_office365-1": {
        "runtimeSource": "embedded",
        "connection": {
          "connectionReferenceLogicalName": "cr7fb_sharedoffice365_1b681"
        },
        "api": {
          "name": "shared_office365"
        }
      },
      "shared_teams-1": {
        "runtimeSource": "embedded",
        "connection": {
          "connectionReferenceLogicalName": "new_sharedteams_d3706"
        },
        "api": {
          "name": "shared_teams"
        }
      }
    },
    "definition": {
      "$schema": "https://schema.management.azure.com/providers/Microsoft.Logic/schemas/2016-06-01/workflowdefinition.json#",
      "contentVersion": "1.0.0.0",
      "parameters": {
        "$authentication": {
          "defaultValue": {},
          "type": "SecureObject"
        },
        "$connections": {
          "defaultValue": {},
          "type": "Object"
        }
      },
      "triggers": {
        "manual": {
          "metadata": {
            "operationMetadataId": "9fe457f6-d3ce-46c7-b4f2-a94a28a0ddba"
          },
          "type": "Request",
          "kind": "Button",
          "inputs": {
            "schema": {
              "type": "object",
              "properties": {
                "text": {
                  "description": "Please enter the recipient email address",
                  "title": "SendEmail_To",
                  "type": "string",
                  "x-ms-content-hint": "TEXT",
                  "x-ms-dynamically-added": true
                },
                "text_1": {
                  "description": "Please enter the process name",
                  "title": "ProcessName",
                  "type": "string",
                  "x-ms-content-hint": "TEXT",
                  "x-ms-dynamically-added": true
                },
                "text_2": {
                  "description": "Insert the work queue ID from advanced details on Work Queues section",
                  "title": "Workqueue_ID",
                  "type": "string",
                  "x-ms-content-hint": "TEXT",
                  "x-ms-dynamically-added": true
                }
              },
              "required": [
                "text",
                "text_1",
                "text_2"
              ]
            }
          }
        }
      },
      "actions": {
        "Initialize_variable_-_Brazilia_TimeZone_In_Hours": {
          "runAfter": {
            "Initialize_variable_-_Email_Greeting": [
              "Succeeded"
            ]
          },
          "metadata": {
            "operationMetadataId": "3ee61b10-a95c-493f-9887-8d9ed8f0e82a"
          },
          "type": "InitializeVariable",
          "inputs": {
            "variables": [
              {
                "name": "HourNow",
                "type": "integer",
                "value": "@int(formatDateTime(body('Subtract_from_time_-_Get_Brasilia_TimeZone'),'HH'))"
              }
            ]
          }
        },
        "Subtract_from_time_-_Get_Brasilia_TimeZone": {
          "runAfter": {},
          "metadata": {
            "operationMetadataId": "e97855ac-2cd8-4d2c-8b2c-760674063755"
          },
          "type": "Expression",
          "kind": "SubtractFromTime",
          "inputs": {
            "baseTime": "@utcNow()",
            "interval": 3,
            "timeUnit": "Hour"
          }
        },
        "Initialize_variable_-_Email_Greeting": {
          "runAfter": {
            "Initialize_variable_-_CountWorkQueueItems": [
              "Succeeded"
            ]
          },
          "metadata": {
            "operationMetadataId": "be3f6d26-6080-4a1e-ae94-94bd0f4ddae5"
          },
          "type": "InitializeVariable",
          "inputs": {
            "variables": [
              {
                "name": "EmailGreeting",
                "type": "string",
                "value": "Bom dia"
              }
            ]
          }
        },
        "List_rows": {
          "runAfter": {
            "Subtract_from_time_-_Get_Brasilia_TimeZone": [
              "Succeeded"
            ]
          },
          "metadata": {
            "operationMetadataId": "f6677b11-6985-4432-91df-42902be198b7"
          },
          "type": "OpenApiConnection",
          "inputs": {
            "parameters": {
              "entityName": "workqueueitems",
              "$select": "name,input,workqueueitemid",
              "$filter": "statecode eq 0 and _workqueueid_value eq '@{triggerBody()?['text_2']}'"
            },
            "host": {
              "apiId": "/providers/Microsoft.PowerApps/apis/shared_commondataserviceforapps",
              "operationId": "ListRecords",
              "connectionName": "shared_commondataserviceforapps"
            }
          },
          "description": "State Codes: - Queued = 0 - Processing = 1 - Processed = 2 - On Hold = 3 There are another codes for some types of exceptions.\n\nstatecode eq 0 or statecode eq 1 or statecode eq 2 or statecode eq 3"
        },
        "Initialize_variable_-_CountWorkQueueItems": {
          "runAfter": {
            "Initialize_variable_-_ListedRows": [
              "Succeeded"
            ]
          },
          "metadata": {
            "operationMetadataId": "6f879f2d-be16-4e69-a33c-19e9fa72869b"
          },
          "type": "InitializeVariable",
          "inputs": {
            "variables": [
              {
                "name": "CountWorkQueueItems",
                "type": "integer",
                "value": "@outputs('Compose')"
              }
            ]
          }
        },
        "Compose": {
          "runAfter": {
            "List_rows": [
              "Succeeded"
            ]
          },
          "metadata": {
            "operationMetadataId": "7001bdda-04f3-4e6c-bfdd-9f7d238f834a"
          },
          "type": "Compose",
          "inputs": "@length(outputs('List_rows')?['body/value'])"
        },
        "Initialize_variable_-_ListedRows": {
          "runAfter": {
            "Initialize_variable_-_SingularOrPlural": [
              "Succeeded"
            ]
          },
          "metadata": {
            "operationMetadataId": "4fee4d03-052a-4991-a6bc-4148ca2c14fb"
          },
          "type": "InitializeVariable",
          "inputs": {
            "variables": [
              {
                "name": "ListedRows",
                "type": "string",
                "value": "@{body('List_rows')}"
              }
            ]
          }
        },
        "Try": {
          "actions": {
            "Condition_-_Is_It_Morning": {
              "actions": {
                "Set_variable_-_Email_Greeting_Good_Morning": {
                  "metadata": {
                    "operationMetadataId": "5f5d1ea9-9aa1-4621-8ad6-7626c14fd60a"
                  },
                  "type": "SetVariable",
                  "inputs": {
                    "name": "EmailGreeting",
                    "value": "Bom dia"
                  }
                }
              },
              "else": {
                "actions": {
                  "Condition_-_Is_It_Evening": {
                    "actions": {
                      "Set_variable_-_Email_Greeting_Good_Evening": {
                        "metadata": {
                          "operationMetadataId": "4933b4be-4452-44fc-9804-37f52221c953"
                        },
                        "type": "SetVariable",
                        "inputs": {
                          "name": "EmailGreeting",
                          "value": "Boa tarde"
                        }
                      }
                    },
                    "else": {
                      "actions": {
                        "Set_variable_-_Email_Greeting_Good_Night": {
                          "metadata": {
                            "operationMetadataId": "75e8154a-94f3-49f0-bff4-878a21dcec93"
                          },
                          "type": "SetVariable",
                          "inputs": {
                            "name": "EmailGreeting",
                            "value": "Boa noite"
                          }
                        }
                      }
                    },
                    "expression": {
                      "and": [
                        {
                          "less": [
                            "@variables('HourNow')",
                            18
                          ]
                        }
                      ]
                    },
                    "metadata": {
                      "operationMetadataId": "9c40c109-4c21-44ad-893c-34d828716c9f"
                    },
                    "type": "If"
                  }
                }
              },
              "expression": {
                "and": [
                  {
                    "less": [
                      "@variables('HourNow')",
                      12
                    ]
                  }
                ]
              },
              "metadata": {
                "operationMetadataId": "f262c5a5-8d2e-4f2a-b660-92138e65ed04"
              },
              "type": "If"
            },
            "Condition_-_Is_Work_Queue_Itens_Higher_Than_0": {
              "actions": {
                "Create_HTML_table": {
                  "runAfter": {
                    "Condição_-_Has_only_one_item": [
                      "Succeeded"
                    ]
                  },
                  "metadata": {
                    "operationMetadataId": "5490d40e-f756-4963-b08e-81c1e259cb41"
                  },
                  "type": "Table",
                  "inputs": {
                    "from": "@outputs('List_rows')?['body/value']",
                    "format": "HTML",
                    "columns": [
                      {
                        "header": "Item_Chave",
                        "value": "@item()?['name']"
                      },
                      {
                        "header": "Mensagem_de_Processamento_Item",
                        "value": "Pendente: @{item()?['input']}"
                      }
                    ]
                  }
                },
                "Compose_-_HTML_Style": {
                  "runAfter": {
                    "Create_HTML_table": [
                      "Succeeded"
                    ]
                  },
                  "metadata": {
                    "operationMetadataId": "d38e2f48-8394-47b9-a85f-c9ea28ed8f8d"
                  },
                  "type": "Compose",
                  "inputs": "<style>\ntable {\nborder: 1px solid #1C6EA4;\nbackground-color: #EEEEEE;\nwidth: 100%;\ntext-align: left;\nborder-collapse: collapse;\n}\ntable td, table th {\nborder: 1px solid #AAAAAA;\npadding: 3px 2px;\n}\ntable tbody td {\nfont-size: 13px;\n}\ntable thead {\nbackground: #DC0000;\nborder-bottom: 2px solid #444444;\n}\ntable thead th {\nfont-size: 15px;\nfont-weight: bold;\ncolor: #FFFFFF;\nborder-left: 2px solid #D0E4F5;\n}\ntable thead th:first-child {\nborder-left: none;\n}\n</style>"
                },
                "Send_an_email_(V2)": {
                  "runAfter": {
                    "Compose_-_HTML_Style": [
                      "Succeeded"
                    ]
                  },
                  "metadata": {
                    "operationMetadataId": "eba557b0-9d8b-470a-917f-8fb603c02220"
                  },
                  "type": "OpenApiConnection",
                  "inputs": {
                    "parameters": {
                      "emailMessage/To": "@triggerBody()?['text']",
                      "emailMessage/Subject": "[RPA] Relatório Itens Pendentes - @{triggerBody()?['text_1']}",
                      "emailMessage/Body": "<p class=\"editor-paragraph\">@{variables('EmailGreeting')}, tudo bem? Aqui é o robô Bores! 😀 Possuo @{outputs('Compose')} @{variables('SingularOrPlural')} pendente(s) na minha fila de trabalho para o processo de \"@{triggerBody()?['text_1']}\". Segue abaixo a relação do(s) @{variables('SingularOrPlural')} que irei trabalhar: @{outputs('Compose_-_HTML_Style')}@{body('Create_HTML_table')} Até breve, BORES<br><br></p><br>",
                      "emailMessage/Importance": "Normal"
                    },
                    "host": {
                      "apiId": "/providers/Microsoft.PowerApps/apis/shared_office365",
                      "operationId": "SendEmailV2",
                      "connectionName": "shared_office365-1"
                    }
                  }
                },
                "Condição_-_Has_only_one_item": {
                  "actions": {
                    "Set_variable_-_SingularOrPlural_as_item": {
                      "type": "SetVariable",
                      "inputs": {
                        "name": "SingularOrPlural",
                        "value": "item"
                      }
                    }
                  },
                  "else": {
                    "actions": {
                      "Set_variable_-_SingularOrPlural_as_itens": {
                        "type": "SetVariable",
                        "inputs": {
                          "name": "SingularOrPlural",
                          "value": "itens"
                        }
                      }
                    }
                  },
                  "expression": {
                    "and": [
                      {
                        "equals": [
                          "@variables('CountWorkQueueItems')",
                          1
                        ]
                      }
                    ]
                  },
                  "type": "If"
                }
              },
              "runAfter": {
                "Condition_-_Is_It_Morning": [
                  "Succeeded"
                ]
              },
              "else": {
                "actions": {
                  "Send_an_email_(V2)_2": {
                    "metadata": {
                      "operationMetadataId": "eba557b0-9d8b-470a-917f-8fb603c02220"
                    },
                    "type": "OpenApiConnection",
                    "inputs": {
                      "parameters": {
                        "emailMessage/To": "@triggerBody()?['text']",
                        "emailMessage/Subject": "[RPA] Relatório Itens Trabalhados - @{triggerBody()['text_1']}",
                        "emailMessage/Body": "<p class=\"editor-paragraph\">@{variables('EmailGreeting')}, tudo bem? Aqui é o robô Bores! 😀 Não encontrei nenhum item no processo de \"@{triggerBody()?['text_1']}\" para trabalhar agora. Até breve, BORES</p>",
                        "emailMessage/Importance": "Normal"
                      },
                      "host": {
                        "apiId": "/providers/Microsoft.PowerApps/apis/shared_office365",
                        "operationId": "SendEmailV2",
                        "connectionName": "shared_office365-1"
                      }
                    }
                  }
                }
              },
              "expression": {
                "greater": [
                  "@variables('CountWorkQueueItems')",
                  0
                ]
              },
              "metadata": {
                "operationMetadataId": "59c1034f-ae5a-420e-91e4-f1c3b2f7f9bc"
              },
              "type": "If"
            },
            "Respond_to_a_Power_App_or_flow_-_Success": {
              "runAfter": {
                "Condition_-_Is_Work_Queue_Itens_Higher_Than_0": [
                  "Succeeded"
                ]
              },
              "metadata": {
                "operationMetadataId": "c48a751d-a3bc-4465-8026-f8e64ac395b7"
              },
              "type": "Response",
              "kind": "PowerApp",
              "inputs": {
                "schema": {
                  "type": "object",
                  "properties": {
                    "successed_run": {
                      "title": "Successed Run",
                      "x-ms-dynamically-added": true,
                      "type": "boolean"
                    }
                  },
                  "additionalProperties": {}
                },
                "statusCode": 200,
                "body": {
                  "successed_run": "Yes"
                }
              }
            }
          },
          "runAfter": {
            "Initialize_variable_-_Brazilia_TimeZone_In_Hours": [
              "Succeeded"
            ]
          },
          "metadata": {
            "operationMetadataId": "cb5d4d84-8327-4218-9115-dbb28b7cb1ad"
          },
          "type": "Scope"
        },
        "Catch": {
          "actions": {
            "Respond_to_a_Power_App_or_flow_-_Fail": {
              "runAfter": {
                "Post_message_in_a_chat_or_channel_-_Send_Terminated_Message": [
                  "Succeeded"
                ]
              },
              "metadata": {
                "operationMetadataId": "dc8ea8b5-3735-47b7-8813-aba23c473bae"
              },
              "type": "Response",
              "kind": "PowerApp",
              "inputs": {
                "schema": {
                  "type": "object",
                  "properties": {
                    "successed_run": {
                      "title": "Successed Run",
                      "x-ms-dynamically-added": true,
                      "type": "boolean"
                    }
                  },
                  "additionalProperties": {}
                },
                "statusCode": 200,
                "body": {
                  "successed_run": "No"
                }
              }
            },
            "Filter_array_-_CatchError": {
              "metadata": {
                "operationMetadataId": "56e3e8e0-bc58-4d2e-a29e-aa32c708114d"
              },
              "type": "Query",
              "inputs": {
                "from": "@result('Try')",
                "where": "@or(equals(item()?['Status'], 'Failed'),equals(item()?['Status'], 'TimedOut'))"
              }
            },
            "Create_HTML_table_-_Error": {
              "runAfter": {
                "Filter_array_-_CatchError": [
                  "Succeeded"
                ]
              },
              "metadata": {
                "operationMetadataId": "d047d65d-17bc-4f3c-98eb-88dea43a770a"
              },
              "type": "Table",
              "inputs": {
                "from": "@body('Filter_array_-_CatchError')",
                "format": "HTML",
                "columns": [
                  {
                    "header": "Action",
                    "value": "@{item()?['name']}"
                  },
                  {
                    "header": "Status",
                    "value": "@{item()?['Status']}"
                  },
                  {
                    "header": "ErrorMessage",
                    "value": "@{item()?['error']?['message']}"
                  }
                ]
              }
            },
            "Post_message_in_a_chat_or_channel_-_Send_Terminated_Message": {
              "runAfter": {
                "Create_HTML_table_-_Error": [
                  "Succeeded"
                ]
              },
              "metadata": {
                "operationMetadataId": "5a53bbd4-7fdc-46fc-92d9-7013272bb2fa"
              },
              "type": "OpenApiConnection",
              "inputs": {
                "parameters": {
                  "poster": "User",
                  "location": "Channel",
                  "body/recipient/groupId": "12559001-26e5-4652-ab92-cbfc99d3ee81",
                  "body/recipient/channelId": "19:2aeba38326bc44af8c46d4775f37d098@thread.tacv2",
                  "body/messageBody": "<p>@{body('Create_HTML_table_-_Error')}</p><p><a href=\"@{concat('https://make.powerautomate.com/environments/', workflow()?['tags']['environmentName'],'/flows/',workflow()?['name'],'/runs/',workflow()?['run']['name'])}\">Clique aqui para visualizar o erro.</a></p>",
                  "body/subject": "[@{triggerBody()['text_1']}] @{workflow()?['tags']?['flowDisplayName']}"
                },
                "host": {
                  "apiId": "/providers/Microsoft.PowerApps/apis/shared_teams",
                  "operationId": "PostMessageToConversation",
                  "connectionName": "shared_teams-1"
                }
              }
            }
          },
          "runAfter": {
            "Try": [
              "TimedOut",
              "Failed"
            ]
          },
          "metadata": {
            "operationMetadataId": "f5ff049d-8d04-4ed8-a393-6293ca12116c"
          },
          "type": "Scope"
        },
        "Initialize_variable_-_SingularOrPlural": {
          "runAfter": {
            "Compose": [
              "Succeeded"
            ]
          },
          "type": "InitializeVariable",
          "inputs": {
            "variables": [
              {
                "name": "SingularOrPlural",
                "type": "string"
              }
            ]
          }
        }
      }
    },
    "templateName": null
  },
  "schemaVersion": "1.0.0.0"
}