<desktopflowbinary desktopflowbinaryid="397ceb7d-d008-ef11-9f89-6045bd3b9f65">
  <data mimetype="application/json">ControlRepository_90c8bd99-cbf0-4e46-803c-075dd7477bbd.json</data>
  <iscustomizable>1</iscustomizable>
  <name>Desktop flow ui elements</name>
  <process>
    <workflowid>330ce077-d008-ef11-9f89-6045bd3b9f65</workflowid>
  </process>
  <reference>controlRepo.appmask</reference>
  <statecode>0</statecode>
  <statuscode>1</statuscode>
  <type>ControlRepository</type>
</desktopflowbinary>